email,course_id,sec_no,exam_no,grades
al4613@nittany.edu,EE320,1,1,86
am4447@nittany.edu,PHYS212,2,1,82
ak9804@nittany.edu,CMPEN411,2,1,76
as1233@nittany.edu,CMPSC360,1,1,94
al6759@nittany.edu,CMPSC360,1,1,91
ah2567@nittany.edu,CMPEN351,2,1,62
ab8825@nittany.edu,PHYS211,1,1,63
ak1365@nittany.edu,CMPSC465,2,1,65
at2037@nittany.edu,PHYS214,2,1,90
as3627@nittany.edu,CSE583,2,1,79
ab8389@nittany.edu,CMPEN441,2,1,92
at1813@nittany.edu,CMPEN431,1,1,76
ao8250@nittany.edu,PHYS212,2,1,88
al8826@nittany.edu,EE352,1,1,85
al5806@nittany.edu,CHEM111,1,1,75
aj1457@nittany.edu,STAT318,1,1,94
ar7586@nittany.edu,CSE543,2,1,82
am6718@nittany.edu,CMPSC461,1,1,76
az6923@nittany.edu,IST110,2,1,73
ab9912@nittany.edu,MATH140,2,1,64
ag4728@nittany.edu,DS220,1,1,90
am5109@nittany.edu,MATH140,2,1,80
ab3717@nittany.edu,CHEM110,1,1,69
ah5707@nittany.edu,IST128,1,1,84
ad9791@nittany.edu,EE311,1,1,61
aw2983@nittany.edu,PHYS213,2,1,60
lj2993@nittany.edu,MATH140,2,1,75
rb1832@nittany.edu,EE320,1,1,76
ld8122@nittany.edu,IST110,2,1,91
md5914@nittany.edu,CMPEN431,2,1,70
kf8268@nittany.edu,CMPEN362,2,1,89
pz6665@nittany.edu,CHEM112,1,1,79
mr6639@nittany.edu,STAT319,1,1,85
sc5452@nittany.edu,PHYS211,2,1,74
tp8468@nittany.edu,IST128,2,1,99
ih9335@nittany.edu,CMPEN331,2,1,100
me9525@nittany.edu,EE311,1,1,75
pr4075@nittany.edu,CMPSC461,1,1,69
nk8056@nittany.edu,EE211,1,1,63
jz5577@nittany.edu,CMPSC475,1,1,90
jp2632@nittany.edu,ECON101,1,1,92
lk7361@nittany.edu,MATH140,2,1,65
ks1880@nittany.edu,ECON101,1,1,78
ms2404@nittany.edu,STAT415,2,1,68
ih5431@nittany.edu,CMPSC431W,1,1,97
sm4115@nittany.edu,STAT318,1,1,89
js8078@nittany.edu,CMPSC475,2,1,76
mb4117@nittany.edu,DS120,2,1,85
mg1976@nittany.edu,PHYS214,1,1,86
kc4364@nittany.edu,EE211,1,1,64
rh2046@nittany.edu,DS120,2,1,69
jh2885@nittany.edu,EE352,2,1,99
ms9362@nittany.edu,ECON101,1,1,91
jl6447@nittany.edu,ECON102,2,1,87
mr2329@nittany.edu,PHYS213,2,1,63
ma5503@nittany.edu,CMPEN270,1,1,60
rb4971@nittany.edu,CMPEN351,1,1,98
jc5818@nittany.edu,PHYS211,1,1,68
kg2618@nittany.edu,EE352,2,1,68
lg4120@nittany.edu,CMPSC131,1,1,61
tp3946@nittany.edu,CMPEN441,2,1,80
sb5076@nittany.edu,IST128,1,1,68
vs8351@nittany.edu,IST110,2,1,90
mm1324@nittany.edu,STAT319,1,1,91
tg2289@nittany.edu,CMPEN441,1,1,98
mk4648@nittany.edu,CSE543,1,1,70
sa8884@nittany.edu,CSE543,1,1,97
kn1468@nittany.edu,ECON201,2,1,92
jk5833@nittany.edu,CMPEN362,2,1,61
md1699@nittany.edu,CMPSC448,1,1,95
mc4814@nittany.edu,IST110,2,1,69
ll2646@nittany.edu,CMPSC132,1,1,98
mr3369@nittany.edu,ECON201,2,1,87
tb7100@nittany.edu,EE311,2,1,65
wm3293@nittany.edu,MATH231,2,1,95
ko8881@nittany.edu,CHEM110,1,1,88
zj6533@nittany.edu,EE311,2,1,74
mb4756@nittany.edu,PHYS211,1,1,85
mr3556@nittany.edu,EE320,2,1,94
md3813@nittany.edu,EE311,1,1,87
km6173@nittany.edu,DS120,2,1,75
sg3060@nittany.edu,CMPEN270,1,1,61
ms7605@nittany.edu,MATH140,2,1,68
tm4946@nittany.edu,STAT318,2,1,82
jg1721@nittany.edu,CMPEN411,2,1,64
yc2897@nittany.edu,CMPEN270,1,1,83
ss9714@nittany.edu,CSE583,1,1,70
rb9779@nittany.edu,PHYS214,2,1,86
zr6768@nittany.edu,CHEM110,2,1,97
rc6428@nittany.edu,EE212,2,1,81
jt5287@nittany.edu,CMPSC221,2,1,69
lo7605@nittany.edu,CMPEN270,2,1,69
lr3728@nittany.edu,CMPSC475,2,1,65
xg4863@nittany.edu,PHYS212,2,1,85
me5010@nittany.edu,CSE583,2,1,95
lr5472@nittany.edu,EE211,1,1,61
sh4974@nittany.edu,CMPEN351,1,1,89
la9924@nittany.edu,EE320,2,1,96
ms2737@nittany.edu,DS120,2,1,61
tb8127@nittany.edu,CMPSC461,1,1,88
mm2976@nittany.edu,STAT415,1,1,85
th3170@nittany.edu,EE212,1,1,73
kk3742@nittany.edu,MATH141,2,1,95
nd2615@nittany.edu,EE211,1,1,92
sb6428@nittany.edu,EE353,2,1,78
rr9237@nittany.edu,CMPEN431,2,1,97
mm1660@nittany.edu,CMPSC131,1,1,98
mr1462@nittany.edu,PHYS213,1,1,96
lg1828@nittany.edu,CHEM110,2,1,98
jo7172@nittany.edu,CMPEN331,2,1,72
ma5045@nittany.edu,CMPSC221,2,1,63
rs3973@nittany.edu,IST110,1,1,71
mv4275@nittany.edu,CMPSC132,1,1,97
vw5806@nittany.edu,IST110,1,1,67
nr4230@nittany.edu,ECON101,2,1,76
ma3543@nittany.edu,CMPEN441,2,1,70
mc9149@nittany.edu,EE211,2,1,69
lg2530@nittany.edu,CSE543,2,1,94
sh4671@nittany.edu,CMPEN351,1,1,62
mt7030@nittany.edu,EE311,2,1,77
lt3713@nittany.edu,CSE583,1,1,60
jw3861@nittany.edu,CMPSC465,1,1,65
kr4923@nittany.edu,EE211,2,1,74
nf6339@nittany.edu,STAT319,2,1,74
md6319@nittany.edu,IST110,2,1,82
mb1688@nittany.edu,EE353,2,1,85
mk5190@nittany.edu,CMPEN411,2,1,99
mk3204@nittany.edu,STAT319,1,1,94
oc3904@nittany.edu,EE330,1,1,85
km6627@nittany.edu,CMPSC461,1,1,83
js6308@nittany.edu,CMPSC221,2,1,91
jw4897@nittany.edu,EE311,1,1,69
vl7715@nittany.edu,CMPSC311,2,1,96
ph3861@nittany.edu,STAT318,1,1,89
jh3919@nittany.edu,PHYS214,1,1,66
mw5114@nittany.edu,EE330,2,1,72
ld6778@nittany.edu,EE330,1,1,60
mc1411@nittany.edu,CSE583,2,1,62
lg7099@nittany.edu,CSE583,1,1,98
mm9659@nittany.edu,CMPSC475,1,1,91
rc5324@nittany.edu,CSE543,1,1,90
mz7312@nittany.edu,CMPSC311,1,1,71
ml5786@nittany.edu,CMPSC461,1,1,63
nh2508@nittany.edu,CMPEN362,2,1,78
ms2255@nittany.edu,MATH141,2,1,100
mp4954@nittany.edu,CMPSC431W,1,1,63
lj7790@nittany.edu,MATH140,2,1,97
sr7729@nittany.edu,CHEM111,1,1,99
mt8800@nittany.edu,MATH231,1,1,88
sv5358@nittany.edu,CMPSC132,2,1,77
rh4718@nittany.edu,CMPEN441,2,1,95
vt8578@nittany.edu,EE212,2,1,81
lu6872@nittany.edu,STAT319,1,1,72
lb6520@nittany.edu,EE330,1,1,69
kb6941@nittany.edu,CMPEN331,1,1,81
rv5469@nittany.edu,CMPSC221,1,1,82
ml7975@nittany.edu,CSE543,1,1,86
mj4880@nittany.edu,STAT319,2,1,66
lt8366@nittany.edu,CMPSC311,2,1,75
js7099@nittany.edu,CMPSC132,2,1,89
rf2661@nittany.edu,CMPSC221,2,1,78
js8165@nittany.edu,EE352,1,1,88
kk3115@nittany.edu,CHEM110,1,1,88
mr4635@nittany.edu,EE330,1,1,61
ve8889@nittany.edu,EE330,1,1,94
ld8065@nittany.edu,CMPEN270,1,1,99
jk4403@nittany.edu,DS220,2,1,92
in2805@nittany.edu,EE212,2,1,69
pb8346@nittany.edu,CMPEN362,2,1,71
rf1782@nittany.edu,PHYS213,2,1,93
mn6721@nittany.edu,EE211,2,1,60
sm6043@nittany.edu,CMPEN351,1,1,69
lj2224@nittany.edu,DS220,2,1,91
wr3515@nittany.edu,CMPSC221,1,1,71
wl5243@nittany.edu,EE212,1,1,86
jr8665@nittany.edu,CMPSC131,2,1,75
ns1210@nittany.edu,CMPEN441,2,1,67
ms6173@nittany.edu,MATH141,2,1,87
na8379@nittany.edu,EE212,2,1,99
ls6337@nittany.edu,CMPSC132,2,1,99
sm9645@nittany.edu,CMPSC465,1,1,94
rr8243@nittany.edu,CSE583,1,1,68
lw4369@nittany.edu,STAT318,2,1,74
il3541@nittany.edu,PHYS211,1,1,93
mg8505@nittany.edu,CHEM112,2,1,97
mo1186@nittany.edu,ECON101,2,1,85
pw1726@nittany.edu,CMPSC465,2,1,90
lm6031@nittany.edu,CMPEN351,2,1,71
pc8832@nittany.edu,PHYS213,2,1,97
mf8214@nittany.edu,CMPEN351,1,1,73
jb5052@nittany.edu,MATH230,2,1,94
ma8938@nittany.edu,CSE543,2,1,63
lf4727@nittany.edu,CHEM112,2,1,91
jh1874@nittany.edu,EE210,2,1,77
rb6281@nittany.edu,EE210,1,1,89
mr5864@nittany.edu,CMPSC465,1,1,75
ml6213@nittany.edu,CMPSC431W,2,1,74
mk7773@nittany.edu,EE330,1,1,88
nc8172@nittany.edu,CMPSC131,1,1,85
mj5914@nittany.edu,PHYS212,2,1,95
me2148@nittany.edu,ECON102,2,1,94
mk8847@nittany.edu,MATH140,2,1,88
my3786@nittany.edu,CMPSC311,1,1,83
jm3669@nittany.edu,ECON201,2,1,66
uf7067@nittany.edu,EE210,1,1,85
mr2575@nittany.edu,ECON102,2,1,82
mb3709@nittany.edu,IST128,1,1,73
jk4409@nittany.edu,EE353,1,1,91
ys9174@nittany.edu,CMPEN431,2,1,82
rf1538@nittany.edu,ECON201,2,1,95
no6118@nittany.edu,CHEM110,2,1,75
lc4994@nittany.edu,EE320,2,1,65
oh8195@nittany.edu,CMPEN351,1,1,98
jc2471@nittany.edu,CMPSC221,2,1,74
mm3162@nittany.edu,CMPSC448,2,1,91
jh7997@nittany.edu,CHEM111,2,1,97
ik6824@nittany.edu,CSE583,2,1,72
tk5748@nittany.edu,EE210,1,1,95
ts1830@nittany.edu,CMPSC360,2,1,74
kr6619@nittany.edu,STAT318,2,1,66
rk2653@nittany.edu,CMPEN411,2,1,88
sg4622@nittany.edu,ECON101,1,1,100
jl3236@nittany.edu,ECON101,2,1,83
kh1826@nittany.edu,PHYS214,1,1,75
me2596@nittany.edu,MATH231,1,1,95
sw7724@nittany.edu,MATH231,2,1,64
kh5883@nittany.edu,CSE543,2,1,67
mn2842@nittany.edu,CMPEN331,1,1,77
mt7911@nittany.edu,CMPSC465,1,1,82
pf6936@nittany.edu,IST128,2,1,65
mc8336@nittany.edu,CMPEN441,2,1,100
mv1311@nittany.edu,CHEM112,1,1,97
mt3151@nittany.edu,CHEM111,2,1,61
lb8326@nittany.edu,CMPEN441,1,1,66
lh1031@nittany.edu,CMPSC132,1,1,89
mn1239@nittany.edu,PHYS211,2,1,75
ka1472@nittany.edu,CMPSC475,2,1,81
tt1799@nittany.edu,CMPSC131,2,1,67
mr5565@nittany.edu,EE311,2,1,83
ma6036@nittany.edu,DS120,1,1,65
mr9406@nittany.edu,CMPEN411,2,1,95
os4077@nittany.edu,CMPSC131,2,1,93
mi6642@nittany.edu,PHYS213,2,1,66
mj1523@nittany.edu,CMPEN351,2,1,71
pw7815@nittany.edu,CMPSC475,2,1,94
jo5683@nittany.edu,STAT319,1,1,74
ns2358@nittany.edu,CMPSC465,1,1,95
vr4622@nittany.edu,MATH231,1,1,94
mk1572@nittany.edu,ECON102,1,1,81
mj1117@nittany.edu,ECON101,1,1,91
kp5214@nittany.edu,STAT415,2,1,66
me4221@nittany.edu,MATH231,2,1,96
lh8743@nittany.edu,EE211,2,1,93
ka6770@nittany.edu,EE352,2,1,71
wa5135@nittany.edu,CHEM112,2,1,69
la7071@nittany.edu,DS220,2,1,74
kl9753@nittany.edu,CHEM110,2,1,80
jh3336@nittany.edu,CMPEN362,1,1,89
sb1972@nittany.edu,IST110,2,1,65
kb3574@nittany.edu,MATH230,1,1,64
lv3076@nittany.edu,PHYS211,2,1,66
mt4811@nittany.edu,CMPEN431,2,1,60
zp7831@nittany.edu,STAT318,1,1,74
mr1020@nittany.edu,CMPSC465,2,1,92
ws6593@nittany.edu,CMPSC465,2,1,63
lw8769@nittany.edu,PHYS211,2,1,79
ms6765@nittany.edu,CHEM112,1,1,61
jc4011@nittany.edu,ECON101,1,1,87
mj5224@nittany.edu,STAT415,1,1,86
jz6925@nittany.edu,CMPEN411,2,1,65
vo6259@nittany.edu,CSE543,2,1,70
ks3998@nittany.edu,CMPEN362,1,1,62
ws8716@nittany.edu,MATH231,1,1,76
md7627@nittany.edu,DS220,1,1,80
th2610@nittany.edu,CSE583,2,1,92
mh8661@nittany.edu,ECON102,1,1,77
mh3437@nittany.edu,EE311,1,1,60
ww9231@nittany.edu,PHYS211,2,1,94
mk1676@nittany.edu,EE311,1,1,81
ub9586@nittany.edu,MATH141,2,1,66
lh6961@nittany.edu,STAT415,2,1,74
kf5693@nittany.edu,IST128,1,1,88
sb2082@nittany.edu,CHEM112,1,1,80
mn2870@nittany.edu,IST110,2,1,87
tk1529@nittany.edu,EE211,1,1,60
ib2806@nittany.edu,EE320,1,1,85
os7226@nittany.edu,PHYS214,2,1,69
ne9599@nittany.edu,CHEM112,1,1,80
vg5084@nittany.edu,CMPEN331,2,1,88
mr5670@nittany.edu,CMPSC431W,1,1,64
km6416@nittany.edu,ECON101,2,1,97
sj7472@nittany.edu,EE211,1,1,83
wr1679@nittany.edu,EE320,2,1,76
mr8602@nittany.edu,CMPEN351,2,1,81
mg1007@nittany.edu,EE320,1,1,60
lh3004@nittany.edu,STAT415,2,1,97
jg5906@nittany.edu,MATH141,1,1,75
ok5696@nittany.edu,MATH141,2,1,83
mw5391@nittany.edu,CMPSC132,1,1,78
sm5970@nittany.edu,CMPSC131,1,1,61
mn6897@nittany.edu,CMPEN431,1,1,60
rm8553@nittany.edu,CMPSC311,2,1,92
jl5459@nittany.edu,CMPEN362,2,1,76
ml1743@nittany.edu,PHYS213,1,1,79
ph1773@nittany.edu,STAT318,2,1,71
ma8953@nittany.edu,ECON201,1,1,92
pp2997@nittany.edu,CMPSC221,1,1,76
vk7408@nittany.edu,PHYS212,1,1,90
ro9937@nittany.edu,ECON102,1,1,96
tf2405@nittany.edu,CMPSC431W,1,1,92
pm3642@nittany.edu,CMPSC465,2,1,72
kr9949@nittany.edu,MATH231,2,1,80
mt2086@nittany.edu,CMPEN362,1,1,95
tw6502@nittany.edu,PHYS211,2,1,63
ol7450@nittany.edu,CMPEN270,2,1,73
jw6319@nittany.edu,CMPSC431W,1,1,74
ok8829@nittany.edu,EE210,2,1,81
ps1087@nittany.edu,EE210,1,1,77
sm5549@nittany.edu,STAT415,2,1,76
td2477@nittany.edu,EE210,2,1,97
sm8842@nittany.edu,CMPSC360,2,1,71
jp5962@nittany.edu,ECON102,2,1,69
mg1791@nittany.edu,EE311,2,1,68
sg1979@nittany.edu,ECON102,2,1,65
lo3428@nittany.edu,IST128,2,1,63
js3927@nittany.edu,CSE543,2,1,74
me9897@nittany.edu,CMPSC221,2,1,96
mb5390@nittany.edu,CMPSC431W,2,1,100
sg4417@nittany.edu,MATH141,1,1,63
lt7103@nittany.edu,CSE583,1,1,100
wc1418@nittany.edu,PHYS211,1,1,76
mm2047@nittany.edu,CMPEN270,1,1,64
ma4242@nittany.edu,EE353,2,1,90
jn3590@nittany.edu,MATH141,1,1,94
mh4972@nittany.edu,CMPSC475,1,1,99
jh3004@nittany.edu,CHEM112,1,1,66
sp7638@nittany.edu,CMPSC465,2,1,82
vn4576@nittany.edu,CMPEN441,2,1,84
mj2446@nittany.edu,CHEM111,2,1,83
mh9005@nittany.edu,CSE543,2,1,79
mp5777@nittany.edu,EE210,1,1,95
mj1886@nittany.edu,MATH141,2,1,75
mp5980@nittany.edu,PHYS211,2,1,88
mr7087@nittany.edu,CHEM110,2,1,88
kk1267@nittany.edu,EE320,1,1,83
mm8916@nittany.edu,EE212,1,1,70
jr1301@nittany.edu,CHEM111,1,1,71
rq8420@nittany.edu,CMPEN362,1,1,65
tf8025@nittany.edu,CMPSC221,1,1,62
jd3188@nittany.edu,PHYS214,2,1,96
js4888@nittany.edu,STAT415,2,1,91
mt1283@nittany.edu,STAT415,2,1,81
tb4699@nittany.edu,EE353,1,1,88
mj8109@nittany.edu,EE352,1,1,63
sl8096@nittany.edu,CHEM110,2,1,81
wg1476@nittany.edu,IST128,2,1,72
lb1184@nittany.edu,STAT319,1,1,81
kw1043@nittany.edu,CMPEN411,2,1,69
ld4137@nittany.edu,CMPSC431W,2,1,87
nb2686@nittany.edu,CMPEN411,1,1,94
rk8121@nittany.edu,EE320,2,1,100
vp6083@nittany.edu,DS120,1,1,90
mb7672@nittany.edu,MATH140,2,1,68
rh9618@nittany.edu,EE352,1,1,72
lw7685@nittany.edu,MATH230,2,1,61
me6698@nittany.edu,STAT415,2,1,71
mp7693@nittany.edu,CMPSC465,1,1,92
us6442@nittany.edu,CMPSC475,2,1,89
ma9983@nittany.edu,MATH140,2,1,84
mk7105@nittany.edu,CMPSC132,1,1,70
ma3822@nittany.edu,MATH141,2,1,61
vy1999@nittany.edu,STAT319,2,1,92
lw8160@nittany.edu,EE311,2,1,91
nb4212@nittany.edu,STAT319,2,1,87
mk2377@nittany.edu,CMPSC448,1,1,77
rw1366@nittany.edu,ECON102,2,1,93
mr5319@nittany.edu,CMPEN441,1,1,79
kz9097@nittany.edu,IST110,2,1,81
ml7288@nittany.edu,IST128,1,1,94
jd5932@nittany.edu,CMPSC311,1,1,72
lk1182@nittany.edu,EE210,1,1,82
jk1331@nittany.edu,EE353,1,1,89
jw9436@nittany.edu,STAT415,2,1,71
jk5021@nittany.edu,CMPSC465,1,1,93
mn1003@nittany.edu,EE311,2,1,89
ph8799@nittany.edu,EE311,1,1,63
jl8774@nittany.edu,CMPEN351,1,1,66
mj7408@nittany.edu,CMPEN351,2,1,83
ns6501@nittany.edu,CSE543,1,1,60
lr5589@nittany.edu,EE311,2,1,89
me5409@nittany.edu,CMPSC431W,1,1,94
mc9096@nittany.edu,CHEM110,2,1,88
jk4116@nittany.edu,CHEM110,1,1,75
kq6968@nittany.edu,MATH231,1,1,86
tp4444@nittany.edu,CMPSC221,1,1,78
me6706@nittany.edu,CMPEN270,1,1,63
kb8171@nittany.edu,IST110,2,1,71
sr6321@nittany.edu,EE210,1,1,93
jh1737@nittany.edu,STAT319,2,1,87
sp1616@nittany.edu,CSE583,2,1,89
pm4249@nittany.edu,MATH140,1,1,100
tl1139@nittany.edu,DS220,2,1,84
im1645@nittany.edu,CMPSC475,2,1,72
sd6073@nittany.edu,CMPEN351,2,1,71
po7371@nittany.edu,CMPSC448,1,1,100
wo4044@nittany.edu,CMPSC465,1,1,84
mc4662@nittany.edu,ECON201,1,1,63
mm9624@nittany.edu,CHEM110,2,1,61
nb6183@nittany.edu,CMPSC475,1,1,72
mm4674@nittany.edu,EE353,1,1,70
vh5298@nittany.edu,EE210,2,1,90
al4613@nittany.edu,CMPSC465,2,1,69
am4447@nittany.edu,CMPEN331,2,1,72
ak9804@nittany.edu,EE210,1,1,95
as1233@nittany.edu,EE330,2,1,99
al5684@nittany.edu,CHEM112,2,1,82
al6759@nittany.edu,CMPSC431W,2,1,83
ah2567@nittany.edu,CMPSC311,2,1,74
ab8825@nittany.edu,CMPEN362,2,1,80
ak1365@nittany.edu,CHEM111,2,1,97
at2037@nittany.edu,EE311,2,1,95
as3627@nittany.edu,CHEM111,1,1,94
ab8389@nittany.edu,CMPEN331,1,1,98
at1813@nittany.edu,DS120,1,1,72
ao8250@nittany.edu,CMPSC475,2,1,65
al8826@nittany.edu,STAT319,1,1,96
ab4479@nittany.edu,CSE543,1,1,65
aj1457@nittany.edu,EE330,1,1,73
ar7586@nittany.edu,CSE583,2,1,66
am6718@nittany.edu,PHYS211,1,1,88
az6923@nittany.edu,CMPEN431,1,1,88
ab9912@nittany.edu,CMPEN331,1,1,100
ap8429@nittany.edu,MATH141,2,1,78
ag4728@nittany.edu,EE210,2,1,62
ab3717@nittany.edu,DS220,1,1,90
ah5707@nittany.edu,CMPSC465,2,1,74
ad9791@nittany.edu,CMPSC475,2,1,100
lj2993@nittany.edu,PHYS211,1,1,93
rb1832@nittany.edu,EE210,1,1,98
ld8122@nittany.edu,EE212,2,1,80
md5914@nittany.edu,CMPSC131,2,1,74
kf8268@nittany.edu,ECON201,2,1,87
pz6665@nittany.edu,ECON201,2,1,78
mr6639@nittany.edu,MATH141,1,1,91
sc5452@nittany.edu,CMPEN362,1,1,63
tp8468@nittany.edu,MATH141,1,1,63
ih9335@nittany.edu,CMPEN362,1,1,83
me9525@nittany.edu,CMPSC360,2,1,72
pr4075@nittany.edu,MATH141,1,1,62
nk8056@nittany.edu,CHEM110,2,1,62
jz5577@nittany.edu,CMPSC131,2,1,65
lk7361@nittany.edu,CMPSC431W,2,1,89
ms2404@nittany.edu,CMPSC221,1,1,86
ih5431@nittany.edu,MATH141,1,1,86
sm4115@nittany.edu,DS120,2,1,71
js8078@nittany.edu,CHEM112,2,1,76
mb4117@nittany.edu,IST128,2,1,79
mg1976@nittany.edu,MATH231,1,1,87
jh2885@nittany.edu,CMPSC475,1,1,99
ms9362@nittany.edu,CMPEN351,2,1,71
jl6447@nittany.edu,CMPEN411,2,1,94
mr2329@nittany.edu,CHEM111,1,1,78
ma5503@nittany.edu,CMPEN431,1,1,83
rb4971@nittany.edu,EE330,2,1,61
kg2618@nittany.edu,CMPSC221,1,1,93
lg4120@nittany.edu,STAT319,1,1,70
sg2123@nittany.edu,PHYS214,2,1,81
tp3946@nittany.edu,EE353,2,1,94
sb5076@nittany.edu,EE212,2,1,91
mh2221@nittany.edu,EE320,2,1,82
vs8351@nittany.edu,EE212,1,1,66
mm1324@nittany.edu,ECON102,1,1,64
tg2289@nittany.edu,CMPSC448,1,1,85
mk4648@nittany.edu,CMPEN270,2,1,64
sa8884@nittany.edu,CHEM112,1,1,66
kn1468@nittany.edu,STAT319,1,1,85
jk5833@nittany.edu,CMPEN411,1,1,82
md1699@nittany.edu,EE211,2,1,70
mc4814@nittany.edu,MATH231,1,1,89
ll2646@nittany.edu,DS220,2,1,61
mr3369@nittany.edu,CHEM112,1,1,67
tb7100@nittany.edu,DS220,1,1,91
wm3293@nittany.edu,CMPSC132,1,1,94
ko8881@nittany.edu,EE311,1,1,94
zj6533@nittany.edu,ECON201,2,1,89
mb4756@nittany.edu,CMPSC132,2,1,87
mr3556@nittany.edu,MATH141,1,1,99
md3813@nittany.edu,PHYS214,2,1,96
km6173@nittany.edu,EE211,2,1,79
sg3060@nittany.edu,EE210,2,1,75
ms7605@nittany.edu,ECON201,1,1,88
tm4946@nittany.edu,STAT318,2,1,66
jg1721@nittany.edu,CMPSC311,1,1,64
yc2897@nittany.edu,CSE583,1,1,99
ss9714@nittany.edu,CMPSC131,2,1,63
rb9779@nittany.edu,MATH231,1,1,89
zr6768@nittany.edu,MATH140,2,1,67
rc6428@nittany.edu,PHYS213,2,1,100
jt5287@nittany.edu,CHEM111,1,1,77
lo7605@nittany.edu,DS120,2,1,87
lr3728@nittany.edu,ECON101,2,1,71
me5010@nittany.edu,CHEM112,1,1,87
lr5472@nittany.edu,PHYS213,2,1,63
sh4974@nittany.edu,CMPSC311,2,1,63
la9924@nittany.edu,IST128,2,1,63
ms2737@nittany.edu,ECON102,2,1,88
tb8127@nittany.edu,CMPSC132,1,1,93
mm2976@nittany.edu,EE330,1,1,73
th3170@nittany.edu,EE352,1,1,77
kk3742@nittany.edu,CHEM112,2,1,84
nd2615@nittany.edu,CMPSC311,1,1,65
sb6428@nittany.edu,CMPEN351,2,1,90
rr9237@nittany.edu,CMPEN270,2,1,61
mm1660@nittany.edu,ECON201,2,1,85
mr1462@nittany.edu,DS220,1,1,99
lg1828@nittany.edu,IST110,2,1,99
jo7172@nittany.edu,CMPSC461,1,1,66
ma5045@nittany.edu,ECON101,1,1,90
mc4696@nittany.edu,STAT318,2,1,86
rs3973@nittany.edu,CMPEN270,2,1,100
my7428@nittany.edu,CMPSC311,2,1,98
mv4275@nittany.edu,CMPEN411,1,1,86
vw5806@nittany.edu,STAT319,2,1,86
nr4230@nittany.edu,CMPEN351,2,1,67
ma3543@nittany.edu,CMPSC360,1,1,85
lg2530@nittany.edu,CMPEN362,1,1,81
sh4671@nittany.edu,EE211,1,1,63
mt7030@nittany.edu,CHEM112,2,1,63
lt3713@nittany.edu,EE212,1,1,90
jw3861@nittany.edu,CMPEN362,1,1,83
kr4923@nittany.edu,PHYS211,1,1,63
nf6339@nittany.edu,CHEM110,2,1,78
md6319@nittany.edu,CMPSC448,2,1,86
mb1688@nittany.edu,EE353,2,1,94
mk5190@nittany.edu,DS120,2,1,79
mk3204@nittany.edu,ECON201,1,1,97
oc3904@nittany.edu,CMPEN331,2,1,75
js6308@nittany.edu,CMPEN362,1,1,78
jw4897@nittany.edu,CHEM110,1,1,95
vl7715@nittany.edu,CMPSC221,2,1,86
ph3861@nittany.edu,MATH230,2,1,83
md2194@nittany.edu,CMPEN431,1,1,92
jh3919@nittany.edu,CMPEN362,2,1,63
mw5114@nittany.edu,IST128,2,1,72
ld6778@nittany.edu,DS120,2,1,60
mc1411@nittany.edu,PHYS211,2,1,63
lg7099@nittany.edu,CSE583,1,1,69
mm9659@nittany.edu,DS220,2,1,70
rc5324@nittany.edu,EE211,1,1,89
mz7312@nittany.edu,CMPSC311,2,1,75
nh2508@nittany.edu,EE211,2,1,82
ms2255@nittany.edu,IST110,2,1,63
mp4954@nittany.edu,EE211,1,1,93
lj7790@nittany.edu,MATH141,1,1,66
sr7729@nittany.edu,STAT319,2,1,64
ld6540@nittany.edu,CHEM110,2,1,73
sv5358@nittany.edu,CSE583,1,1,61
kf8921@nittany.edu,ECON101,2,1,81
rh4718@nittany.edu,DS120,2,1,79
vt8578@nittany.edu,MATH141,1,1,84
lu6872@nittany.edu,DS220,2,1,86
lb6520@nittany.edu,ECON102,1,1,74
kb6941@nittany.edu,CMPEN411,1,1,77
rv5469@nittany.edu,STAT319,2,1,77
ml7975@nittany.edu,DS120,2,1,63
mj4880@nittany.edu,ECON201,2,1,79
jf9661@nittany.edu,CHEM111,2,1,73
lt8366@nittany.edu,EE352,2,1,97
js7099@nittany.edu,ECON102,1,1,71
rf2661@nittany.edu,EE211,2,1,97
js8165@nittany.edu,DS120,2,1,70
kk3115@nittany.edu,CMPEN441,1,1,61
mr4635@nittany.edu,DS220,1,1,70
ve8889@nittany.edu,EE352,2,1,88
ml3983@nittany.edu,EE353,1,1,73
ld8065@nittany.edu,CHEM110,1,1,95
jk4403@nittany.edu,EE353,2,1,97
in2805@nittany.edu,IST110,1,1,68
pb8346@nittany.edu,MATH231,1,1,67
mn6721@nittany.edu,CSE583,2,1,92
sm6043@nittany.edu,DS220,1,1,79
lj2224@nittany.edu,IST128,2,1,75
wr3515@nittany.edu,CSE583,2,1,81
wl5243@nittany.edu,CMPSC431W,2,1,69
ns1210@nittany.edu,ECON101,2,1,70
ms6173@nittany.edu,CMPEN351,2,1,99
na8379@nittany.edu,CMPEN362,1,1,74
ls6337@nittany.edu,MATH140,1,1,78
sm9645@nittany.edu,PHYS213,2,1,65
rr8243@nittany.edu,CMPEN270,2,1,93
lw4369@nittany.edu,CMPEN411,2,1,100
il3541@nittany.edu,CMPEN351,1,1,99
mg8505@nittany.edu,CHEM111,1,1,67
mo1186@nittany.edu,CMPEN351,1,1,66
pw1726@nittany.edu,MATH141,1,1,65
lm6031@nittany.edu,EE212,2,1,79
mj6359@nittany.edu,ECON102,2,1,74
pc8832@nittany.edu,CMPSC311,2,1,61
mf8214@nittany.edu,EE211,1,1,62
jb5052@nittany.edu,PHYS213,1,1,88
ma8938@nittany.edu,CMPSC431W,1,1,88
lf4727@nittany.edu,ECON201,1,1,91
mr5864@nittany.edu,MATH140,2,1,81
ml6213@nittany.edu,CMPSC221,1,1,73
mk7773@nittany.edu,CMPSC131,1,1,98
nc8172@nittany.edu,EE352,2,1,92
mj5914@nittany.edu,PHYS214,1,1,83
me2148@nittany.edu,CMPSC461,2,1,99
mk8847@nittany.edu,EE212,1,1,95
my3786@nittany.edu,CHEM110,2,1,63
jm3669@nittany.edu,CMPSC311,1,1,91
uf7067@nittany.edu,PHYS214,2,1,92
mr2575@nittany.edu,EE212,2,1,75
mb3709@nittany.edu,MATH231,1,1,96
jk4409@nittany.edu,MATH140,1,1,70
ys9174@nittany.edu,CMPEN441,2,1,71
rf1538@nittany.edu,CMPEN351,1,1,94
no6118@nittany.edu,CMPSC132,2,1,89
oh8195@nittany.edu,ECON102,1,1,76
jc2471@nittany.edu,CMPEN411,2,1,72
mm3162@nittany.edu,CMPSC132,1,1,65
jh7997@nittany.edu,CSE583,2,1,69
ik6824@nittany.edu,MATH230,2,1,80
tk5748@nittany.edu,IST110,1,1,72
ts1830@nittany.edu,STAT415,2,1,97
kr6619@nittany.edu,STAT415,1,1,66
sg4622@nittany.edu,CMPEN441,1,1,82
jl3236@nittany.edu,CHEM111,2,1,97
kh1826@nittany.edu,PHYS211,1,1,80
me2596@nittany.edu,EE320,1,1,76
jl9851@nittany.edu,CHEM112,2,1,69
sw7724@nittany.edu,MATH140,1,1,85
kh5883@nittany.edu,CMPEN331,1,1,68
mn2842@nittany.edu,CMPSC475,2,1,69
mt7911@nittany.edu,MATH231,2,1,79
pf6936@nittany.edu,CMPSC132,2,1,74
mc8336@nittany.edu,CMPSC132,1,1,76
mv1311@nittany.edu,ECON102,2,1,90
kk2666@nittany.edu,ECON102,2,1,68
ok7520@nittany.edu,CMPSC465,1,1,91
mt3151@nittany.edu,DS220,2,1,85
lb8326@nittany.edu,CMPSC132,1,1,75
lh1031@nittany.edu,DS120,1,1,99
mn1239@nittany.edu,EE320,1,1,70
ka1472@nittany.edu,CMPSC475,2,1,78
tt1799@nittany.edu,ECON101,1,1,94
mr5565@nittany.edu,ECON101,1,1,71
ma6036@nittany.edu,CMPSC465,2,1,86
mr9406@nittany.edu,CMPEN431,2,1,62
os4077@nittany.edu,CMPSC311,1,1,97
mi6642@nittany.edu,CMPEN331,2,1,82
mj1523@nittany.edu,CMPSC448,2,1,64
pw7815@nittany.edu,CMPEN441,1,1,90
jo5683@nittany.edu,IST110,2,1,92
kl1348@nittany.edu,DS120,2,1,70
ns2358@nittany.edu,MATH231,2,1,93
vr4622@nittany.edu,EE212,2,1,69
mk1572@nittany.edu,DS120,1,1,70
ts5040@nittany.edu,PHYS212,1,1,89
mj1117@nittany.edu,CHEM112,2,1,96
kp5214@nittany.edu,CMPSC311,1,1,76
lh8743@nittany.edu,IST110,2,1,71
ka6770@nittany.edu,MATH140,1,1,69
wa5135@nittany.edu,IST110,1,1,71
la7071@nittany.edu,CMPEN362,1,1,70
kl9753@nittany.edu,CMPEN441,1,1,80
jh3336@nittany.edu,CMPEN431,1,1,64
sb1972@nittany.edu,MATH230,2,1,75
kb3574@nittany.edu,EE211,2,1,94
lv3076@nittany.edu,EE320,2,1,93
mt4811@nittany.edu,DS220,2,1,89
zp7831@nittany.edu,CMPSC221,2,1,68
mr1020@nittany.edu,CHEM111,1,1,71
ws6593@nittany.edu,DS120,1,1,97
lw8769@nittany.edu,PHYS213,1,1,100
ms6765@nittany.edu,CHEM111,1,1,90
mj9606@nittany.edu,CMPSC221,2,1,73
jc4011@nittany.edu,EE211,2,1,68
mj5224@nittany.edu,EE330,1,1,85
jz6925@nittany.edu,CMPSC360,2,1,64
vo6259@nittany.edu,STAT318,1,1,88
ks3998@nittany.edu,CMPEN331,2,1,73
mt3231@nittany.edu,CMPSC131,1,1,97
md7627@nittany.edu,EE210,2,1,77
mh8661@nittany.edu,PHYS214,2,1,95
vk8864@nittany.edu,DS220,2,1,87
mh3437@nittany.edu,CMPSC132,1,1,97
ww9231@nittany.edu,CMPSC461,1,1,68
mk1676@nittany.edu,CMPEN331,2,1,67
ub9586@nittany.edu,EE353,2,1,71
lh6961@nittany.edu,ECON201,2,1,68
kf5693@nittany.edu,IST110,1,1,67
sb2082@nittany.edu,STAT415,1,1,92
mn2870@nittany.edu,CSE543,1,1,98
ug5112@nittany.edu,MATH140,1,1,85
tk1529@nittany.edu,CMPSC448,1,1,84
ib2806@nittany.edu,EE353,1,1,62
os7226@nittany.edu,CMPSC461,2,1,89
ne9599@nittany.edu,CMPEN270,1,1,61
vg5084@nittany.edu,CMPSC461,1,1,84
mr5670@nittany.edu,MATH231,1,1,68
km6416@nittany.edu,CMPSC448,1,1,93
sj7472@nittany.edu,CMPEN411,2,1,68
wr1679@nittany.edu,EE352,2,1,70
mr8602@nittany.edu,PHYS212,2,1,69
ma8046@nittany.edu,CMPEN351,1,1,94
lh3004@nittany.edu,CMPEN411,1,1,78
zr6066@nittany.edu,ECON201,1,1,90
jg5906@nittany.edu,EE210,2,1,83
ok5696@nittany.edu,CSE543,2,1,61
mw5391@nittany.edu,IST128,2,1,74
sm5970@nittany.edu,ECON102,1,1,97
mn6897@nittany.edu,CMPEN270,1,1,67
rm8553@nittany.edu,CMPEN411,1,1,69
jl5459@nittany.edu,CHEM112,1,1,71
ml1743@nittany.edu,CMPEN411,2,1,83
ph1773@nittany.edu,EE210,1,1,87
ma8953@nittany.edu,STAT415,1,1,85
pp2997@nittany.edu,EE330,2,1,89
vk7408@nittany.edu,ECON101,2,1,68
ro9937@nittany.edu,EE210,2,1,99
tf2405@nittany.edu,CMPEN351,1,1,67
pm3642@nittany.edu,EE211,2,1,60
kr9949@nittany.edu,EE353,2,1,65
mt2086@nittany.edu,CMPEN411,2,1,75
tw6502@nittany.edu,EE352,1,1,61
ol7450@nittany.edu,CMPEN431,2,1,77
jw6319@nittany.edu,EE210,2,1,89
ok8829@nittany.edu,EE352,2,1,71
ps1087@nittany.edu,EE311,1,1,99
mp7952@nittany.edu,EE330,2,1,61
sm5549@nittany.edu,IST110,2,1,69
td2477@nittany.edu,MATH140,1,1,99
sm8842@nittany.edu,CMPSC221,2,1,90
jp5962@nittany.edu,DS220,2,1,98
mg1791@nittany.edu,CMPSC360,1,1,85
sg1979@nittany.edu,EE353,1,1,99
lo3428@nittany.edu,EE320,2,1,77
ml7753@nittany.edu,CMPEN270,1,1,95
js3927@nittany.edu,CSE543,2,1,66
me9897@nittany.edu,CMPEN351,2,1,100
mb5390@nittany.edu,MATH231,1,1,100
lt7103@nittany.edu,MATH231,1,1,91
pt3035@nittany.edu,CMPSC360,1,1,60
mm2047@nittany.edu,CMPEN362,1,1,96
ma4242@nittany.edu,PHYS214,1,1,83
jn3590@nittany.edu,CMPEN351,2,1,75
mh4972@nittany.edu,PHYS214,1,1,88
jh3004@nittany.edu,DS120,2,1,82
sp7638@nittany.edu,IST110,2,1,95
vn4576@nittany.edu,CMPSC221,1,1,81
mj2446@nittany.edu,ECON102,2,1,96
mp5777@nittany.edu,STAT318,1,1,62
mj1886@nittany.edu,EE353,2,1,61
mp5980@nittany.edu,CMPSC311,1,1,87
mr7087@nittany.edu,MATH141,1,1,99
kk1267@nittany.edu,EE212,1,1,98
jm7206@nittany.edu,EE330,2,1,83
jr1301@nittany.edu,STAT319,2,1,61
rq8420@nittany.edu,CMPEN331,2,1,71
tf8025@nittany.edu,CMPSC475,1,1,81
ob6043@nittany.edu,EE210,1,1,60
jd3188@nittany.edu,CMPSC448,1,1,63
nb5135@nittany.edu,CMPSC465,2,1,95
js4888@nittany.edu,CMPSC465,2,1,94
mt1283@nittany.edu,EE330,1,1,91
tb4699@nittany.edu,CMPSC431W,2,1,98
jf5072@nittany.edu,MATH231,2,1,96
mj8109@nittany.edu,PHYS212,2,1,83
sl8096@nittany.edu,PHYS214,2,1,95
wg1476@nittany.edu,CMPSC131,1,1,91
lb1184@nittany.edu,CMPSC221,1,1,71
kw1043@nittany.edu,MATH140,1,1,94
nb2686@nittany.edu,PHYS214,1,1,97
rk8121@nittany.edu,EE320,2,1,98
vp6083@nittany.edu,EE352,1,1,65
mb7672@nittany.edu,MATH230,1,1,78
rh9618@nittany.edu,ECON201,1,1,82
lw7685@nittany.edu,CMPEN270,2,1,75
me6698@nittany.edu,EE311,1,1,91
mp7693@nittany.edu,EE320,1,1,92
us6442@nittany.edu,MATH140,2,1,62
ma9983@nittany.edu,CMPSC461,2,1,84
ma3822@nittany.edu,CMPEN431,2,1,97
vy1999@nittany.edu,STAT318,1,1,73
lw8160@nittany.edu,DS220,1,1,71
nm4783@nittany.edu,PHYS211,2,1,90
nb4212@nittany.edu,PHYS214,1,1,100
ms9882@nittany.edu,CMPSC311,1,1,60
mk2377@nittany.edu,CMPEN441,1,1,66
rw1366@nittany.edu,CMPSC360,2,1,76
ml7288@nittany.edu,DS220,1,1,85
jd5932@nittany.edu,STAT415,1,1,74
lk1182@nittany.edu,ECON102,1,1,75
jk1331@nittany.edu,CMPSC132,1,1,67
jw9436@nittany.edu,ECON101,1,1,86
zw5425@nittany.edu,EE210,1,1,99
jk5021@nittany.edu,CMPSC131,1,1,98
mn1003@nittany.edu,EE330,1,1,66
jl8774@nittany.edu,CMPSC475,1,1,74
mj7408@nittany.edu,CMPSC461,2,1,97
ns6501@nittany.edu,PHYS211,2,1,65
lr5589@nittany.edu,CMPEN411,2,1,73
me5409@nittany.edu,CMPSC131,2,1,77
mc9096@nittany.edu,IST128,2,1,91
jk4116@nittany.edu,CMPSC465,2,1,89
kb9285@nittany.edu,CMPSC360,1,1,93
kq6968@nittany.edu,PHYS212,1,1,90
mj6957@nittany.edu,STAT319,2,1,92
tp4444@nittany.edu,ECON201,2,1,95
me6706@nittany.edu,CMPEN441,2,1,62
kb8171@nittany.edu,IST110,2,1,73
sr6321@nittany.edu,CMPSC431W,2,1,87
jh1737@nittany.edu,CMPSC465,1,1,100
sp1616@nittany.edu,CSE543,1,1,98
pm4249@nittany.edu,CMPEN270,1,1,76
tl1139@nittany.edu,CMPEN362,2,1,100
im1645@nittany.edu,CMPEN270,1,1,68
sd6073@nittany.edu,CSE583,1,1,76
po7371@nittany.edu,CMPSC475,2,1,63
wo4044@nittany.edu,CMPSC132,1,1,89
mc4662@nittany.edu,CMPSC465,1,1,83
mm9624@nittany.edu,CMPSC221,2,1,68
nb6183@nittany.edu,CMPSC465,2,1,63
mm4674@nittany.edu,STAT415,1,1,72
vh5298@nittany.edu,MATH140,2,1,79
al4613@nittany.edu,CMPSC431W,2,1,89
ak9804@nittany.edu,CMPEN351,1,1,94
as1233@nittany.edu,MATH140,2,1,91
al6759@nittany.edu,CMPSC465,1,1,88
ah2567@nittany.edu,CMPEN431,1,1,81
ab8825@nittany.edu,CMPSC461,2,1,71
ak1365@nittany.edu,CMPSC475,1,1,76
at2037@nittany.edu,CMPEN441,1,1,74
as3627@nittany.edu,IST128,1,1,60
ah3078@nittany.edu,CHEM112,2,1,89
ab8389@nittany.edu,MATH140,2,1,71
at1813@nittany.edu,EE210,1,1,64
ao8250@nittany.edu,CMPSC475,2,1,84
al8826@nittany.edu,EE211,2,1,99
ab4479@nittany.edu,PHYS214,2,1,72
al5806@nittany.edu,EE330,2,1,63
aj1457@nittany.edu,PHYS212,1,1,86
ar7586@nittany.edu,CMPSC131,2,1,86
am6718@nittany.edu,IST110,1,1,85
as4057@nittany.edu,CMPSC461,2,1,82
az6923@nittany.edu,CMPSC360,1,1,67
ab9912@nittany.edu,EE311,1,1,88
ap8429@nittany.edu,EE211,1,1,71
ag4728@nittany.edu,ECON102,1,1,98
ab3717@nittany.edu,CMPEN362,2,1,64
ah5707@nittany.edu,CMPSC132,2,1,81
ad9791@nittany.edu,CMPSC475,2,1,82
aw2983@nittany.edu,CMPSC360,1,1,74
lj2993@nittany.edu,ECON101,2,1,73
rb1832@nittany.edu,PHYS213,1,1,81
ld8122@nittany.edu,STAT319,1,1,91
md5914@nittany.edu,PHYS213,2,1,87
kf8268@nittany.edu,CHEM110,1,1,77
pz6665@nittany.edu,CMPSC221,2,1,91
mr6639@nittany.edu,EE210,2,1,78
sc5452@nittany.edu,CHEM110,1,1,82
tp8468@nittany.edu,CSE583,2,1,78
ih9335@nittany.edu,CHEM111,2,1,68
pr4075@nittany.edu,CMPSC221,2,1,83
nk8056@nittany.edu,MATH230,1,1,79
jz5577@nittany.edu,PHYS213,2,1,100
jp2632@nittany.edu,ECON102,1,1,64
lk7361@nittany.edu,ECON201,2,1,95
ks1880@nittany.edu,CMPSC132,2,1,60
ms2404@nittany.edu,MATH141,2,1,65
ih5431@nittany.edu,CSE583,2,1,93
sm4115@nittany.edu,EE212,1,1,82
js8078@nittany.edu,CMPEN331,1,1,62
mb4117@nittany.edu,MATH141,1,1,84
rm8585@nittany.edu,EE353,1,1,86
mg1976@nittany.edu,CSE583,2,1,92
kc4364@nittany.edu,EE311,2,1,69
rh2046@nittany.edu,ECON101,1,1,91
jh2885@nittany.edu,CMPEN270,1,1,67
ms9362@nittany.edu,EE311,2,1,81
jl6447@nittany.edu,EE311,1,1,91
mr2329@nittany.edu,CHEM112,2,1,89
ma5503@nittany.edu,ECON201,1,1,62
rb4971@nittany.edu,CMPEN362,1,1,90
jc5818@nittany.edu,EE210,2,1,98
kg2618@nittany.edu,CHEM110,2,1,71
lg4120@nittany.edu,CMPSC311,2,1,90
sg2123@nittany.edu,CMPEN441,2,1,64
tp3946@nittany.edu,EE320,1,1,84
sb5076@nittany.edu,CMPSC431W,2,1,90
mh2221@nittany.edu,EE212,2,1,85
vs8351@nittany.edu,MATH231,2,1,75
mm1324@nittany.edu,CMPSC311,1,1,98
tg2289@nittany.edu,MATH141,1,1,76
mk4648@nittany.edu,EE212,1,1,64
sa8884@nittany.edu,CSE543,1,1,70
kn1468@nittany.edu,EE352,2,1,62
jk5833@nittany.edu,MATH230,2,1,66
md1699@nittany.edu,EE352,2,1,66
mc4814@nittany.edu,EE212,2,1,100
ll2646@nittany.edu,CMPSC132,1,1,66
mr3369@nittany.edu,CMPSC311,1,1,71
tb7100@nittany.edu,MATH230,1,1,77
wm3293@nittany.edu,CMPEN441,2,1,100
jb9557@nittany.edu,CMPEN351,1,1,93
ko8881@nittany.edu,CMPEN362,2,1,86
zj6533@nittany.edu,CHEM112,1,1,74
mb4756@nittany.edu,PHYS213,2,1,63
mr3556@nittany.edu,CMPSC131,1,1,69
md3813@nittany.edu,CMPEN431,2,1,94
km6173@nittany.edu,PHYS211,2,1,74
sg3060@nittany.edu,PHYS213,1,1,100
ms7605@nittany.edu,CMPEN331,2,1,74
tm4946@nittany.edu,CMPSC132,2,1,68
yc2897@nittany.edu,EE210,1,1,88
al4613@nittany.edu,EE212,1,1,81
am4447@nittany.edu,IST110,1,1,83
ak9804@nittany.edu,MATH231,1,1,93
as1233@nittany.edu,CMPEN431,2,1,83
al5684@nittany.edu,CMPSC461,1,1,84
al6759@nittany.edu,PHYS213,1,1,99
ab8825@nittany.edu,CMPEN270,1,1,79
as3627@nittany.edu,CMPSC360,1,1,81
ah3078@nittany.edu,EE353,2,1,73
ab8389@nittany.edu,CMPEN351,2,1,95
at1813@nittany.edu,CMPSC221,2,1,81
ao8250@nittany.edu,CSE583,2,1,65
al8826@nittany.edu,ECON102,2,1,68
ab4479@nittany.edu,EE212,2,1,62
al5806@nittany.edu,EE210,2,1,91
aj1457@nittany.edu,EE210,1,1,81
ar7586@nittany.edu,CHEM111,1,1,85
am6718@nittany.edu,MATH230,1,1,97
as4057@nittany.edu,MATH231,1,1,86
az6923@nittany.edu,MATH140,2,1,87
ab9912@nittany.edu,CHEM110,1,1,95
ag4728@nittany.edu,CMPSC448,1,1,73
ab3717@nittany.edu,EE353,2,1,85
ah5707@nittany.edu,STAT319,1,1,61
ad9791@nittany.edu,CHEM111,2,1,93
aw2983@nittany.edu,ECON201,2,1,66
lj2993@nittany.edu,CHEM112,1,1,97
rb1832@nittany.edu,DS120,2,1,86
ld8122@nittany.edu,CMPSC475,1,1,67
md5914@nittany.edu,CMPSC360,2,1,96
kf8268@nittany.edu,CMPEN331,1,1,90
pz6665@nittany.edu,CHEM111,1,1,79
mr6639@nittany.edu,CMPSC132,2,1,78
sc5452@nittany.edu,CMPSC448,1,1,62
tp8468@nittany.edu,PHYS214,1,1,85
ih9335@nittany.edu,CMPEN362,1,1,73
me9525@nittany.edu,STAT319,1,1,80
pr4075@nittany.edu,STAT415,2,1,65
nk8056@nittany.edu,EE210,1,1,81
jz5577@nittany.edu,CMPSC431W,1,1,63
jp2632@nittany.edu,EE353,2,1,96
lk7361@nittany.edu,EE353,1,1,77
ks1880@nittany.edu,STAT415,1,1,81
ms2404@nittany.edu,CMPEN411,1,1,81
sm4115@nittany.edu,CMPEN411,2,1,87
js8078@nittany.edu,DS120,1,1,69
mb4117@nittany.edu,CMPSC475,2,1,73
rm8585@nittany.edu,EE311,1,1,94
mg1976@nittany.edu,ECON102,1,1,82
kc4364@nittany.edu,CMPSC311,1,1,68
rh2046@nittany.edu,ECON201,1,1,61
jh2885@nittany.edu,CMPSC131,1,1,88
ms9362@nittany.edu,EE210,2,1,69
mr2329@nittany.edu,MATH141,1,1,64
ma5503@nittany.edu,EE353,2,1,77
rb4971@nittany.edu,STAT415,2,1,80
jc5818@nittany.edu,CMPSC465,2,1,100
kg2618@nittany.edu,IST128,1,1,88
lg4120@nittany.edu,CMPSC465,2,1,65
sg2123@nittany.edu,CHEM112,1,1,67
tp3946@nittany.edu,DS120,2,1,80
sb5076@nittany.edu,PHYS212,2,1,83
mh2221@nittany.edu,PHYS211,2,1,60
vs8351@nittany.edu,MATH230,1,1,96
mm1324@nittany.edu,MATH141,2,1,78
tg2289@nittany.edu,CHEM110,2,1,79
sa8884@nittany.edu,EE352,2,1,91
kn1468@nittany.edu,CMPEN441,1,1,88
jk5833@nittany.edu,PHYS213,1,1,92
md1699@nittany.edu,CMPEN270,2,1,81
mc4814@nittany.edu,CMPEN331,1,1,62
ll2646@nittany.edu,IST110,2,1,81
mr3369@nittany.edu,CHEM112,2,1,98
tb7100@nittany.edu,CMPSC132,2,1,70
wm3293@nittany.edu,CMPSC448,2,1,90
jb9557@nittany.edu,CHEM111,1,1,92
ko8881@nittany.edu,CMPSC360,2,1,80
zj6533@nittany.edu,CMPSC465,2,1,87
mr3556@nittany.edu,MATH230,2,1,82
md3813@nittany.edu,CMPEN411,1,1,63
km6173@nittany.edu,CSE583,2,1,88
sg3060@nittany.edu,MATH231,2,1,69
ms7605@nittany.edu,CMPSC448,2,1,82
tm4946@nittany.edu,DS120,2,1,67
jg1721@nittany.edu,CMPEN351,1,1,64
yc2897@nittany.edu,EE352,2,1,75
rb9779@nittany.edu,CMPEN431,1,1,81
zr6768@nittany.edu,CMPSC448,1,1,62
rc6428@nittany.edu,CMPSC465,1,1,72
jt5287@nittany.edu,CMPEN431,2,1,81
lo7605@nittany.edu,CMPEN331,1,1,96
tr4637@nittany.edu,EE211,1,1,68
lr3728@nittany.edu,CHEM110,1,1,68
xg4863@nittany.edu,CMPEN331,1,1,85
me5010@nittany.edu,STAT318,1,1,77
lr5472@nittany.edu,ECON101,1,1,74
sh4974@nittany.edu,MATH231,1,1,74
la9924@nittany.edu,DS120,2,1,80
ms2737@nittany.edu,CHEM110,2,1,89
tb8127@nittany.edu,CMPSC475,2,1,96
mm2976@nittany.edu,PHYS214,2,1,87
th3170@nittany.edu,MATH141,2,1,79
kk3742@nittany.edu,STAT318,1,1,91
nd2615@nittany.edu,IST110,1,1,72
sb6428@nittany.edu,EE330,2,1,100
rr9237@nittany.edu,CMPSC360,1,1,63
mm1660@nittany.edu,CMPSC221,1,1,90
mr1462@nittany.edu,STAT319,2,1,79
lg1828@nittany.edu,MATH230,2,1,66
jo7172@nittany.edu,CMPEN362,1,1,67
ma5045@nittany.edu,CMPSC465,2,1,82
mc4696@nittany.edu,CMPSC465,2,1,61
rs3973@nittany.edu,CMPEN351,2,1,60
mv4275@nittany.edu,ECON102,1,1,75
vw5806@nittany.edu,CMPSC360,1,1,90
nr4230@nittany.edu,DS120,1,1,77
ma3543@nittany.edu,IST110,1,1,81
mc9149@nittany.edu,CHEM110,2,1,73
lg2530@nittany.edu,STAT319,1,1,67
sh4671@nittany.edu,CHEM112,2,1,60
lt3713@nittany.edu,ECON101,2,1,88
jw3861@nittany.edu,CHEM112,1,1,73
kr4923@nittany.edu,STAT318,2,1,82
nf6339@nittany.edu,CMPSC221,1,1,99
md6319@nittany.edu,CHEM112,2,1,85
mb1688@nittany.edu,CSE583,1,1,61
mk5190@nittany.edu,IST110,2,1,64
mk3204@nittany.edu,ECON101,1,1,94
oc3904@nittany.edu,CMPEN362,1,1,86
km6627@nittany.edu,CSE583,1,1,85
js6308@nittany.edu,CMPEN331,2,1,96
jw4897@nittany.edu,EE330,2,1,75
vl7715@nittany.edu,CMPSC448,1,1,79
ph3861@nittany.edu,CMPEN411,2,1,63
jh3919@nittany.edu,EE211,1,1,85
mw5114@nittany.edu,CMPEN431,1,1,92
ld6778@nittany.edu,CMPSC131,1,1,89
mc1411@nittany.edu,PHYS211,2,1,73
lg7099@nittany.edu,EE210,2,1,94
mm9659@nittany.edu,CMPSC360,2,1,94
rc5324@nittany.edu,DS120,2,1,88
mz7312@nittany.edu,ECON101,1,1,78
ml5786@nittany.edu,PHYS212,2,1,61
nh2508@nittany.edu,CMPSC448,2,1,94
ms2255@nittany.edu,CMPEN411,2,1,76
mp4954@nittany.edu,CMPSC448,1,1,67
lj7790@nittany.edu,EE211,2,1,76
mt8800@nittany.edu,CMPSC360,1,1,77
ld6540@nittany.edu,MATH231,2,1,95
sv5358@nittany.edu,EE330,1,1,94
kf8921@nittany.edu,IST128,2,1,78
rh4718@nittany.edu,PHYS213,1,1,94
vt8578@nittany.edu,CMPEN362,1,1,84
lb6520@nittany.edu,EE210,2,1,73
kb6941@nittany.edu,MATH141,1,1,74
rv5469@nittany.edu,IST110,2,1,89
ml7975@nittany.edu,CHEM110,2,1,100
mj4880@nittany.edu,EE311,1,1,83
jf9661@nittany.edu,MATH141,2,1,70
lt8366@nittany.edu,IST110,2,1,86
js7099@nittany.edu,CMPEN362,1,1,64
rf2661@nittany.edu,PHYS211,1,1,69
js8165@nittany.edu,STAT318,1,1,96
kk3115@nittany.edu,CMPEN331,1,1,60
mr4635@nittany.edu,CMPEN411,2,1,89
ve8889@nittany.edu,CSE543,2,1,65
ml3983@nittany.edu,CMPSC461,1,1,65
ld8065@nittany.edu,IST128,2,1,87
in2805@nittany.edu,EE320,2,1,69
pb8346@nittany.edu,EE320,1,1,84
rf1782@nittany.edu,MATH231,1,1,95
mn6721@nittany.edu,MATH230,1,1,92
sm6043@nittany.edu,EE311,2,1,65
lj2224@nittany.edu,CMPEN431,2,1,64
wr3515@nittany.edu,MATH230,2,1,76
wl5243@nittany.edu,ECON102,2,1,89
jr8665@nittany.edu,CHEM112,2,1,87
ns1210@nittany.edu,CMPEN351,2,1,83
ms6173@nittany.edu,CMPSC311,2,1,86
na8379@nittany.edu,CMPEN431,2,1,63
ls6337@nittany.edu,CMPEN331,2,1,86
sm9645@nittany.edu,IST110,2,1,98
rr8243@nittany.edu,EE320,1,1,98
lw4369@nittany.edu,ECON201,1,1,62
il3541@nittany.edu,EE352,2,1,79
mo1186@nittany.edu,EE311,1,1,64
lm6031@nittany.edu,ECON201,1,1,92
mj6359@nittany.edu,PHYS211,2,1,71
pc8832@nittany.edu,CMPEN270,2,1,97
mf8214@nittany.edu,CHEM111,2,1,78
jb5052@nittany.edu,CMPSC360,1,1,99
ma8938@nittany.edu,ECON201,2,1,87
lf4727@nittany.edu,CMPEN331,1,1,75
jh1874@nittany.edu,CSE583,1,1,66
rb6281@nittany.edu,EE212,2,1,88
mr5864@nittany.edu,ECON102,2,1,93
ml6213@nittany.edu,ECON102,2,1,91
mk7773@nittany.edu,CHEM112,2,1,93
nc8172@nittany.edu,EE320,2,1,60
mj5914@nittany.edu,CMPEN441,1,1,96
me2148@nittany.edu,EE311,2,1,94
mk8847@nittany.edu,MATH141,2,1,94
my3786@nittany.edu,CMPSC465,1,1,86
jm3669@nittany.edu,ECON102,2,1,70
uf7067@nittany.edu,MATH230,1,1,63
mr2575@nittany.edu,EE311,1,1,99
mb3709@nittany.edu,CMPEN331,2,1,83
jk4409@nittany.edu,CMPEN441,1,1,82
ys9174@nittany.edu,EE212,1,1,79
rf1538@nittany.edu,PHYS214,2,1,64
no6118@nittany.edu,EE311,2,1,73
lc4994@nittany.edu,EE210,2,1,97
oh8195@nittany.edu,MATH231,2,1,80
jc2471@nittany.edu,CMPSC132,2,1,68
mm3162@nittany.edu,ECON102,1,1,69
jh7997@nittany.edu,PHYS214,1,1,88
ik6824@nittany.edu,PHYS213,2,1,86
tk5748@nittany.edu,STAT319,2,1,92
kr6619@nittany.edu,IST110,1,1,68
rk2653@nittany.edu,STAT318,1,1,98
sg4622@nittany.edu,CMPSC221,1,1,87
jl3236@nittany.edu,CMPSC360,2,1,70
kh1826@nittany.edu,EE210,1,1,96
jl9851@nittany.edu,CMPEN270,1,1,64
sw7724@nittany.edu,PHYS212,1,1,74
kh5883@nittany.edu,PHYS212,1,1,78
mn2842@nittany.edu,EE353,1,1,97
mt7911@nittany.edu,ECON102,2,1,63
pf6936@nittany.edu,CMPSC465,2,1,67
mv1311@nittany.edu,EE353,2,1,60
kk2666@nittany.edu,MATH231,2,1,82
ok7520@nittany.edu,STAT319,2,1,82
mt3151@nittany.edu,STAT318,1,1,65
lb8326@nittany.edu,CSE583,1,1,83
lh1031@nittany.edu,CMPSC131,1,1,75
mn1239@nittany.edu,CHEM111,1,1,75
ka1472@nittany.edu,MATH231,1,1,81
tt1799@nittany.edu,CMPSC360,2,1,84
ma6036@nittany.edu,EE210,1,1,63
mr9406@nittany.edu,EE212,1,1,78
os4077@nittany.edu,EE330,2,1,85
mj1523@nittany.edu,CHEM110,1,1,75
pw7815@nittany.edu,CMPSC132,1,1,88
jo5683@nittany.edu,IST128,2,1,73
kl1348@nittany.edu,STAT319,1,1,79
ns2358@nittany.edu,PHYS211,2,1,85
mk1572@nittany.edu,STAT318,1,1,82
ts5040@nittany.edu,ECON101,2,1,65
mj1117@nittany.edu,MATH141,2,1,61
kp5214@nittany.edu,EE330,2,1,87
me4221@nittany.edu,CMPSC448,2,1,91
lh8743@nittany.edu,CMPSC475,1,1,87
ka6770@nittany.edu,DS120,2,1,64
wa5135@nittany.edu,EE211,2,1,90
la7071@nittany.edu,STAT318,1,1,75
kl9753@nittany.edu,STAT318,1,1,66
jh3336@nittany.edu,EE211,1,1,97
sb1972@nittany.edu,EE211,2,1,71
kb3574@nittany.edu,CMPSC448,1,1,80
lv3076@nittany.edu,CMPEN411,2,1,64
mt4811@nittany.edu,PHYS214,2,1,73
zp7831@nittany.edu,CMPSC360,1,1,81
mr1020@nittany.edu,EE211,2,1,89
ws6593@nittany.edu,STAT318,2,1,84
lw8769@nittany.edu,EE311,2,1,84
mj9606@nittany.edu,CHEM112,2,1,79
jc4011@nittany.edu,CMPEN331,1,1,65
mj5224@nittany.edu,CMPSC221,1,1,97
ks3998@nittany.edu,ECON102,2,1,69
mt3231@nittany.edu,CMPSC475,2,1,83
ws8716@nittany.edu,EE311,1,1,65
th2610@nittany.edu,CHEM111,2,1,86
mh3437@nittany.edu,EE212,2,1,100
ww9231@nittany.edu,CHEM112,1,1,97
mk1676@nittany.edu,STAT318,1,1,79
ub9586@nittany.edu,PHYS212,2,1,67
lh6961@nittany.edu,EE212,1,1,72
kf5693@nittany.edu,CSE543,1,1,78
sb2082@nittany.edu,EE352,1,1,71
mn2870@nittany.edu,CMPSC448,1,1,78
ug5112@nittany.edu,STAT415,1,1,69
tk1529@nittany.edu,EE311,2,1,99
ib2806@nittany.edu,STAT318,1,1,75
os7226@nittany.edu,CMPSC465,2,1,99
ne9599@nittany.edu,CSE543,2,1,75
vg5084@nittany.edu,EE212,2,1,76
mr5670@nittany.edu,PHYS211,2,1,74
km6416@nittany.edu,PHYS211,1,1,97
sj7472@nittany.edu,DS220,1,1,86
wr1679@nittany.edu,MATH140,2,1,78
mr8602@nittany.edu,EE212,1,1,76
ma8046@nittany.edu,CMPSC475,2,1,77
mg1007@nittany.edu,EE210,2,1,90
lh3004@nittany.edu,CMPSC431W,2,1,100
zr6066@nittany.edu,EE352,2,1,99
jg5906@nittany.edu,CMPEN431,2,1,97
ok5696@nittany.edu,CHEM112,2,1,92
mw5391@nittany.edu,STAT319,1,1,74
sm5970@nittany.edu,ECON201,1,1,92
rm8553@nittany.edu,IST128,2,1,92
jl5459@nittany.edu,EE352,2,1,66
ml1743@nittany.edu,CSE583,2,1,100
ph1773@nittany.edu,EE311,2,1,78
ma8953@nittany.edu,EE210,1,1,99
vk7408@nittany.edu,CHEM112,1,1,63
ro9937@nittany.edu,CMPSC475,2,1,89
tf2405@nittany.edu,IST110,2,1,86
pm3642@nittany.edu,CMPSC431W,2,1,91
kr9949@nittany.edu,CMPEN441,1,1,93
mt2086@nittany.edu,PHYS213,1,1,63
tw6502@nittany.edu,PHYS214,1,1,77
jw6319@nittany.edu,CMPSC475,2,1,81
ok8829@nittany.edu,CSE543,1,1,69
mp7952@nittany.edu,EE320,1,1,88
sm5549@nittany.edu,EE211,1,1,86
sm8842@nittany.edu,PHYS212,1,1,78
jp5962@nittany.edu,DS220,2,1,94
mg1791@nittany.edu,CMPSC311,1,1,89
lo3428@nittany.edu,PHYS211,2,1,84
ml7753@nittany.edu,CMPEN431,2,1,69
js3927@nittany.edu,IST128,1,1,78
me9897@nittany.edu,CMPSC465,1,1,96
mb5390@nittany.edu,CMPEN270,1,1,61
sg4417@nittany.edu,EE353,2,1,96
lt7103@nittany.edu,CMPSC221,2,1,79
wc1418@nittany.edu,ECON102,1,1,89
mm2047@nittany.edu,CMPEN351,2,1,79
ma4242@nittany.edu,PHYS214,2,1,80
jn3590@nittany.edu,CMPSC475,1,1,63
mh4972@nittany.edu,CMPEN270,1,1,60
jh3004@nittany.edu,CMPSC311,1,1,99
sp7638@nittany.edu,CMPSC311,1,1,73
mj2446@nittany.edu,ECON201,1,1,77
mp5777@nittany.edu,STAT415,2,1,67
mj1886@nittany.edu,CMPEN331,2,1,62
mp5980@nittany.edu,EE212,1,1,99
mr7087@nittany.edu,ECON102,1,1,61
kk1267@nittany.edu,EE353,1,1,72
mm8916@nittany.edu,CMPEN351,1,1,79
jr1301@nittany.edu,PHYS211,2,1,89
rq8420@nittany.edu,MATH141,2,1,84
tf8025@nittany.edu,CHEM110,1,1,65
ob6043@nittany.edu,EE311,2,1,78
jd3188@nittany.edu,CMPSC431W,1,1,67
nb5135@nittany.edu,EE330,1,1,85
js4888@nittany.edu,EE353,2,1,63
mt1283@nittany.edu,CMPSC431W,2,1,98
tb4699@nittany.edu,CHEM111,2,1,62
jf5072@nittany.edu,EE311,1,1,82
mj8109@nittany.edu,MATH231,2,1,89
sl8096@nittany.edu,ECON102,1,1,78
wg1476@nittany.edu,DS220,1,1,97
kw1043@nittany.edu,CSE543,1,1,92
ld4137@nittany.edu,CMPEN362,1,1,73
nb2686@nittany.edu,STAT415,1,1,74
rk8121@nittany.edu,CMPSC132,2,1,74
vp6083@nittany.edu,STAT415,2,1,74
mb7672@nittany.edu,IST128,2,1,77
lw7685@nittany.edu,CMPEN431,2,1,72
me6698@nittany.edu,EE210,2,1,93
mp7693@nittany.edu,CMPEN331,2,1,88
us6442@nittany.edu,CMPSC360,2,1,73
ma9983@nittany.edu,ECON101,1,1,76
mk7105@nittany.edu,EE311,2,1,96
vy1999@nittany.edu,PHYS213,1,1,79
lw8160@nittany.edu,CSE543,2,1,94
nm4783@nittany.edu,CMPSC475,2,1,79
nb4212@nittany.edu,CHEM110,2,1,93
ms9882@nittany.edu,CMPEN331,2,1,73
mk2377@nittany.edu,CMPSC461,2,1,66
rw1366@nittany.edu,ECON101,1,1,63
mr5319@nittany.edu,PHYS214,2,1,68
kz9097@nittany.edu,CMPSC131,2,1,73
ml7288@nittany.edu,CMPSC131,1,1,98
jd5932@nittany.edu,CHEM111,1,1,78
jk1331@nittany.edu,MATH230,1,1,74
jw9436@nittany.edu,MATH140,2,1,95
zw5425@nittany.edu,STAT415,2,1,61
jk5021@nittany.edu,CMPSC360,1,1,69
mn1003@nittany.edu,CMPEN411,2,1,67
ph8799@nittany.edu,PHYS211,1,1,98
jl8774@nittany.edu,CSE583,2,1,80
lr5589@nittany.edu,EE330,2,1,67
me5409@nittany.edu,EE212,1,1,100
mc9096@nittany.edu,EE210,1,1,66
jk4116@nittany.edu,CMPSC131,1,1,83
kb9285@nittany.edu,DS120,2,1,90
kq6968@nittany.edu,STAT415,2,1,66
tp4444@nittany.edu,STAT415,2,1,84
me6706@nittany.edu,STAT415,2,1,72
kb8171@nittany.edu,CMPSC132,2,1,98
sr6321@nittany.edu,DS220,2,1,68
jh1737@nittany.edu,MATH231,1,1,79
sp1616@nittany.edu,CMPSC448,2,1,92
pm4249@nittany.edu,CMPEN441,2,1,90
tl1139@nittany.edu,STAT319,1,1,99
sd6073@nittany.edu,EE320,2,1,71
po7371@nittany.edu,STAT415,1,1,99
wo4044@nittany.edu,EE311,2,1,72
mc4662@nittany.edu,MATH141,1,1,81
nb6183@nittany.edu,CMPEN331,2,1,75
mm4674@nittany.edu,MATH141,2,1,79
vh5298@nittany.edu,STAT319,1,1,60
al4613@nittany.edu,DS120,2,1,86
am4447@nittany.edu,MATH140,2,1,67
ak9804@nittany.edu,STAT319,1,1,62
as1233@nittany.edu,EE352,2,1,97
al5684@nittany.edu,CMPSC311,1,1,69
al6759@nittany.edu,STAT318,1,1,63
ah2567@nittany.edu,CMPSC131,1,1,94
ab8825@nittany.edu,EE330,1,1,98
at2037@nittany.edu,CMPEN351,1,1,65
ah3078@nittany.edu,CMPEN411,2,1,64
ab8389@nittany.edu,MATH140,1,1,89
at1813@nittany.edu,DS220,2,1,91
ao8250@nittany.edu,CMPSC132,1,1,69
al8826@nittany.edu,CHEM111,1,1,88
ab4479@nittany.edu,PHYS211,1,1,89
al5806@nittany.edu,PHYS212,1,1,96
aj1457@nittany.edu,CMPEN431,2,1,86
ar7586@nittany.edu,STAT319,1,1,92
am6718@nittany.edu,ECON102,2,1,76
as4057@nittany.edu,STAT318,2,1,77
az6923@nittany.edu,CMPSC311,1,1,63
ab9912@nittany.edu,ECON101,2,1,62
ap8429@nittany.edu,CMPEN441,1,1,82
ag4728@nittany.edu,CMPSC465,1,1,95
am5109@nittany.edu,MATH141,2,1,100
ab3717@nittany.edu,MATH230,2,1,69
ad9791@nittany.edu,DS220,1,1,65
aw2983@nittany.edu,PHYS212,2,1,96
lj2993@nittany.edu,CMPEN270,2,1,67
rb1832@nittany.edu,ECON101,2,1,99
ld8122@nittany.edu,CMPSC475,1,1,96
md5914@nittany.edu,CMPEN411,2,1,92
kf8268@nittany.edu,CHEM112,2,1,84
pz6665@nittany.edu,CMPSC131,2,1,87
mr6639@nittany.edu,IST128,1,1,68
sc5452@nittany.edu,CMPEN351,1,1,86
tp8468@nittany.edu,MATH140,1,1,67
ih9335@nittany.edu,CMPSC461,1,1,74
me9525@nittany.edu,CMPSC448,1,1,79
pr4075@nittany.edu,CMPSC448,1,1,91
nk8056@nittany.edu,STAT319,1,1,74
jz5577@nittany.edu,CMPEN441,1,1,67
jp2632@nittany.edu,CHEM111,1,1,91
lk7361@nittany.edu,EE352,1,1,91
ks1880@nittany.edu,PHYS213,1,1,66
ms2404@nittany.edu,PHYS214,2,1,76
ih5431@nittany.edu,EE330,2,1,85
sm4115@nittany.edu,CMPEN441,2,1,100
js8078@nittany.edu,CMPSC132,1,1,68
mb4117@nittany.edu,EE311,2,1,67
rm8585@nittany.edu,CMPSC431W,1,1,85
kc4364@nittany.edu,STAT415,2,1,88
rh2046@nittany.edu,CMPSC465,2,1,93
jh2885@nittany.edu,EE210,1,1,90
ms9362@nittany.edu,IST110,2,1,89
jl6447@nittany.edu,STAT319,2,1,75
ma5503@nittany.edu,PHYS214,2,1,66
rb4971@nittany.edu,ECON201,2,1,68
jc5818@nittany.edu,STAT319,1,1,88
kg2618@nittany.edu,PHYS212,1,1,93
sg2123@nittany.edu,CMPSC431W,2,1,89
tp3946@nittany.edu,CHEM111,1,1,75
sb5076@nittany.edu,IST110,1,1,71
mh2221@nittany.edu,CMPSC221,2,1,94
vs8351@nittany.edu,IST110,1,1,72
mm1324@nittany.edu,EE353,1,1,76
tg2289@nittany.edu,STAT318,1,1,92
mk4648@nittany.edu,ECON201,1,1,89
sa8884@nittany.edu,CSE583,2,1,72
kn1468@nittany.edu,CMPSC221,2,1,90
md1699@nittany.edu,DS120,2,1,98
mc4814@nittany.edu,PHYS211,2,1,97
ll2646@nittany.edu,CHEM110,1,1,74
mr3369@nittany.edu,MATH231,1,1,84
tb7100@nittany.edu,CMPSC475,2,1,90
wm3293@nittany.edu,EE311,2,1,95
jb9557@nittany.edu,CMPEN411,2,1,70
ko8881@nittany.edu,CHEM112,1,1,62
mb4756@nittany.edu,STAT318,1,1,86
mr3556@nittany.edu,EE352,1,1,76
km6173@nittany.edu,EE352,2,1,99
sg3060@nittany.edu,CMPEN351,1,1,62
ms7605@nittany.edu,CMPSC431W,1,1,74
jg1721@nittany.edu,EE330,1,1,97
yc2897@nittany.edu,MATH141,1,1,90
rb9779@nittany.edu,STAT318,2,1,80
zr6768@nittany.edu,ECON101,1,1,68
rc6428@nittany.edu,PHYS211,2,1,68
jt5287@nittany.edu,CMPSC132,1,1,60
lo7605@nittany.edu,EE311,2,1,68
tr4637@nittany.edu,STAT318,1,1,64
lr3728@nittany.edu,MATH230,2,1,83
xg4863@nittany.edu,CMPSC475,1,1,96
lr5472@nittany.edu,CMPSC360,2,1,64
sh4974@nittany.edu,CMPSC431W,1,1,68
la9924@nittany.edu,CHEM110,2,1,72
ms2737@nittany.edu,MATH231,2,1,88
tb8127@nittany.edu,CMPEN362,1,1,79
mm2976@nittany.edu,ECON101,1,1,64
th3170@nittany.edu,CMPEN270,1,1,85
kk3742@nittany.edu,CHEM110,2,1,95
nd2615@nittany.edu,EE311,1,1,64
sb6428@nittany.edu,CMPSC475,2,1,100
rr9237@nittany.edu,EE211,2,1,71
mr1462@nittany.edu,PHYS214,2,1,74
lg1828@nittany.edu,CMPSC311,2,1,61
jo7172@nittany.edu,PHYS214,1,1,62
ma5045@nittany.edu,EE311,2,1,85
mc4696@nittany.edu,CHEM112,1,1,60
rs3973@nittany.edu,STAT318,1,1,72
my7428@nittany.edu,CMPEN270,2,1,66
mv4275@nittany.edu,MATH140,2,1,71
vw5806@nittany.edu,DS120,1,1,68
nr4230@nittany.edu,CMPEN270,1,1,69
ma3543@nittany.edu,CMPEN431,2,1,60
mc9149@nittany.edu,CMPSC448,2,1,66
sh4671@nittany.edu,CHEM111,1,1,63
mt7030@nittany.edu,CMPEN362,2,1,67
lt3713@nittany.edu,CSE583,1,1,71
jw3861@nittany.edu,CSE583,2,1,75
kr4923@nittany.edu,EE311,1,1,98
nf6339@nittany.edu,CMPEN441,2,1,64
md6319@nittany.edu,MATH140,1,1,90
mb1688@nittany.edu,CSE583,1,1,97
mk5190@nittany.edu,CHEM111,1,1,92
mk3204@nittany.edu,STAT319,1,1,95
oc3904@nittany.edu,CMPSC132,2,1,93
km6627@nittany.edu,CHEM111,2,1,65
js6308@nittany.edu,CMPSC448,2,1,77
jw4897@nittany.edu,CMPSC431W,1,1,89
vl7715@nittany.edu,ECON102,2,1,74
ph3861@nittany.edu,CMPSC132,2,1,85
md2194@nittany.edu,CMPEN362,2,1,70
jh3919@nittany.edu,CMPEN351,1,1,81
mw5114@nittany.edu,CHEM111,1,1,63
ld6778@nittany.edu,CSE543,1,1,100
mc1411@nittany.edu,CMPSC475,1,1,61
lg7099@nittany.edu,STAT415,2,1,65
mm9659@nittany.edu,CSE543,1,1,86
rc5324@nittany.edu,CMPSC475,1,1,84
ml5786@nittany.edu,CHEM110,1,1,64
nh2508@nittany.edu,CMPEN331,2,1,74
ms2255@nittany.edu,CMPSC132,2,1,64
mp4954@nittany.edu,CSE543,1,1,85
lj7790@nittany.edu,EE330,2,1,69
sr7729@nittany.edu,CMPSC461,2,1,68
mt8800@nittany.edu,STAT319,1,1,100
ld6540@nittany.edu,CSE543,2,1,97
sv5358@nittany.edu,MATH230,1,1,72
rh4718@nittany.edu,EE320,2,1,87
vt8578@nittany.edu,CMPSC221,1,1,67
lu6872@nittany.edu,EE211,2,1,82
lb6520@nittany.edu,CMPSC448,1,1,94
kb6941@nittany.edu,STAT319,2,1,97
rv5469@nittany.edu,EE353,2,1,87
ml7975@nittany.edu,CMPEN351,1,1,96
mj4880@nittany.edu,EE210,2,1,65
jf9661@nittany.edu,CMPSC465,2,1,67
lt8366@nittany.edu,CMPSC131,2,1,92
rf2661@nittany.edu,CMPSC360,2,1,93
kk3115@nittany.edu,CMPSC461,1,1,99
mr4635@nittany.edu,CMPSC461,1,1,67
ve8889@nittany.edu,CMPEN431,2,1,73
ml3983@nittany.edu,CMPSC475,2,1,71
ld8065@nittany.edu,EE330,1,1,74
jk4403@nittany.edu,DS120,1,1,72
in2805@nittany.edu,DS120,1,1,85
pb8346@nittany.edu,DS220,2,1,71
rf1782@nittany.edu,STAT319,1,1,80
mn6721@nittany.edu,PHYS212,1,1,79
sm6043@nittany.edu,CMPEN362,1,1,94
lj2224@nittany.edu,IST110,1,1,84
wr3515@nittany.edu,CMPEN441,2,1,71
wl5243@nittany.edu,CSE583,2,1,69
jr8665@nittany.edu,CMPSC131,2,1,72
ns1210@nittany.edu,CMPEN270,1,1,88
ms6173@nittany.edu,PHYS213,1,1,93
na8379@nittany.edu,EE330,1,1,87
ls6337@nittany.edu,CMPEN411,2,1,66
sm9645@nittany.edu,STAT318,1,1,87
rr8243@nittany.edu,CMPSC461,2,1,85
il3541@nittany.edu,MATH140,1,1,80
mg8505@nittany.edu,DS220,1,1,92
mo1186@nittany.edu,EE311,1,1,86
pw1726@nittany.edu,CMPEN411,2,1,76
lm6031@nittany.edu,CMPEN351,1,1,72
mj6359@nittany.edu,CMPSC360,1,1,67
mf8214@nittany.edu,ECON101,2,1,78
jb5052@nittany.edu,CMPSC461,2,1,74
ma8938@nittany.edu,CMPSC131,2,1,86
jh1874@nittany.edu,CMPSC311,1,1,87
rb6281@nittany.edu,CMPSC461,1,1,88
ml6213@nittany.edu,CMPEN331,1,1,65
mk7773@nittany.edu,CMPSC132,2,1,79
nc8172@nittany.edu,CSE583,1,1,66
mj5914@nittany.edu,CMPSC465,2,1,75
me2148@nittany.edu,CMPEN270,1,1,65
mk8847@nittany.edu,EE311,2,1,63
my3786@nittany.edu,CMPSC461,2,1,88
jm3669@nittany.edu,MATH140,2,1,93
uf7067@nittany.edu,ECON201,2,1,82
mr2575@nittany.edu,STAT415,2,1,82
jk4409@nittany.edu,CHEM112,1,1,80
ys9174@nittany.edu,CMPSC132,1,1,64
no6118@nittany.edu,MATH230,2,1,66
lc4994@nittany.edu,IST128,2,1,82
oh8195@nittany.edu,CMPEN431,2,1,73
jc2471@nittany.edu,CMPSC131,1,1,91
mm3162@nittany.edu,CMPSC448,1,1,83
jh7997@nittany.edu,PHYS214,2,1,60
ik6824@nittany.edu,CSE543,1,1,76
tk5748@nittany.edu,CMPEN441,1,1,73
ts1830@nittany.edu,CSE583,1,1,83
kr6619@nittany.edu,CHEM111,1,1,63
rk2653@nittany.edu,DS220,2,1,74
sg4622@nittany.edu,CHEM110,1,1,61
jl3236@nittany.edu,MATH141,1,1,91
kh1826@nittany.edu,CMPEN441,1,1,64
me2596@nittany.edu,STAT319,1,1,79
jl9851@nittany.edu,DS220,2,1,75
sw7724@nittany.edu,CMPSC465,2,1,77
kh5883@nittany.edu,MATH231,1,1,95
mn2842@nittany.edu,CSE543,2,1,84
mt7911@nittany.edu,PHYS214,1,1,65
pf6936@nittany.edu,CMPSC131,2,1,62
mc8336@nittany.edu,STAT415,1,1,100
mv1311@nittany.edu,PHYS214,2,1,88
kk2666@nittany.edu,EE352,2,1,76
ok7520@nittany.edu,CMPEN362,2,1,68
mt3151@nittany.edu,CMPSC311,2,1,78
lb8326@nittany.edu,MATH140,2,1,80
lh1031@nittany.edu,PHYS212,1,1,71
mn1239@nittany.edu,IST128,2,1,89
ka1472@nittany.edu,CMPSC448,2,1,65
tt1799@nittany.edu,PHYS212,2,1,67
mr5565@nittany.edu,DS220,1,1,90
ma6036@nittany.edu,EE311,1,1,89
mr9406@nittany.edu,EE212,2,1,87
os4077@nittany.edu,PHYS212,2,1,66
mj1523@nittany.edu,CMPEN351,1,1,72
pw7815@nittany.edu,CSE543,2,1,78
jo5683@nittany.edu,ECON102,2,1,68
kl1348@nittany.edu,CMPEN362,2,1,86
ns2358@nittany.edu,CHEM112,1,1,67
mk1572@nittany.edu,CMPSC311,1,1,93
ts5040@nittany.edu,STAT319,1,1,60
mj1117@nittany.edu,CMPSC475,2,1,63
me4221@nittany.edu,CMPSC311,2,1,96
lh8743@nittany.edu,CMPSC311,2,1,82
ka6770@nittany.edu,EE330,2,1,89
wa5135@nittany.edu,CMPSC448,2,1,79
kl9753@nittany.edu,EE352,2,1,83
jh3336@nittany.edu,STAT415,2,1,76
sb1972@nittany.edu,STAT415,2,1,69
lv3076@nittany.edu,EE311,1,1,79
mt4811@nittany.edu,CMPEN331,1,1,71
zp7831@nittany.edu,CMPSC475,2,1,72
mr1020@nittany.edu,CMPEN362,2,1,94
ws6593@nittany.edu,STAT415,2,1,71
lw8769@nittany.edu,MATH230,2,1,75
mj9606@nittany.edu,CMPSC132,2,1,65
jc4011@nittany.edu,MATH231,2,1,81
mj5224@nittany.edu,CMPSC221,2,1,100
jz6925@nittany.edu,CMPEN270,2,1,86
vo6259@nittany.edu,EE311,2,1,65
ks3998@nittany.edu,STAT318,2,1,89
mt3231@nittany.edu,CMPEN351,2,1,89
ws8716@nittany.edu,CMPEN362,2,1,86
md7627@nittany.edu,MATH230,1,1,62
mh8661@nittany.edu,CMPEN351,2,1,85
vk8864@nittany.edu,PHYS211,1,1,87
mh3437@nittany.edu,IST110,2,1,65
ww9231@nittany.edu,CMPEN441,1,1,72
mk1676@nittany.edu,CHEM112,2,1,71
ub9586@nittany.edu,EE330,2,1,100
lh6961@nittany.edu,MATH141,2,1,78
kf5693@nittany.edu,ECON101,1,1,91
sb2082@nittany.edu,CMPEN431,1,1,61
mn2870@nittany.edu,PHYS213,1,1,98
ug5112@nittany.edu,CMPSC431W,2,1,96
ib2806@nittany.edu,PHYS211,1,1,72
os7226@nittany.edu,DS220,1,1,71
ne9599@nittany.edu,STAT415,1,1,94
vg5084@nittany.edu,MATH141,2,1,86
mr5670@nittany.edu,CMPEN431,1,1,73
km6416@nittany.edu,EE353,1,1,90
sj7472@nittany.edu,EE320,2,1,74
wr1679@nittany.edu,MATH141,2,1,61
mr8602@nittany.edu,STAT319,2,1,62
ma8046@nittany.edu,EE330,1,1,90
mg1007@nittany.edu,ECON201,1,1,81
lh3004@nittany.edu,EE311,1,1,62
zr6066@nittany.edu,ECON102,2,1,78
jg5906@nittany.edu,PHYS214,2,1,84
ok5696@nittany.edu,MATH141,1,1,62
mw5391@nittany.edu,PHYS213,1,1,85
sm5970@nittany.edu,STAT318,2,1,79
mn6897@nittany.edu,CMPEN411,2,1,69
rm8553@nittany.edu,EE212,1,1,77
jl5459@nittany.edu,CMPSC465,1,1,72
ml1743@nittany.edu,ECON102,1,1,70
ph1773@nittany.edu,CMPEN351,1,1,99
ma8953@nittany.edu,PHYS213,2,1,64
pp2997@nittany.edu,STAT318,2,1,84
vk7408@nittany.edu,ECON102,2,1,75
tf2405@nittany.edu,CSE543,1,1,81
kr9949@nittany.edu,EE330,2,1,95
mt2086@nittany.edu,CMPSC448,1,1,65
tw6502@nittany.edu,STAT415,1,1,96
ol7450@nittany.edu,CMPSC461,1,1,60
jw6319@nittany.edu,CHEM112,2,1,97
ok8829@nittany.edu,ECON101,2,1,73
ps1087@nittany.edu,DS120,1,1,63
mp7952@nittany.edu,CHEM112,2,1,77
sm5549@nittany.edu,CMPSC360,1,1,71
td2477@nittany.edu,CMPSC221,2,1,97
sm8842@nittany.edu,PHYS213,2,1,90
jp5962@nittany.edu,ECON101,1,1,79
mg1791@nittany.edu,CMPEN441,1,1,99
lo3428@nittany.edu,ECON101,2,1,100
ml7753@nittany.edu,CMPSC448,1,1,93
js3927@nittany.edu,CMPSC131,2,1,81
me9897@nittany.edu,CMPEN331,1,1,99
mb5390@nittany.edu,CMPEN351,2,1,99
sg4417@nittany.edu,CMPEN331,2,1,86
lt7103@nittany.edu,CHEM111,1,1,87
pt3035@nittany.edu,CSE583,2,1,77
wc1418@nittany.edu,MATH230,2,1,70
mm2047@nittany.edu,DS120,2,1,91
ma4242@nittany.edu,ECON101,2,1,76
jn3590@nittany.edu,CMPSC131,2,1,95
mh4972@nittany.edu,CMPEN351,2,1,99
jh3004@nittany.edu,ECON101,1,1,90
sp7638@nittany.edu,EE320,2,1,91
vn4576@nittany.edu,PHYS211,1,1,97
mj2446@nittany.edu,MATH230,1,1,86
mh9005@nittany.edu,MATH141,2,1,95
mp5777@nittany.edu,ECON102,2,1,61
mp5980@nittany.edu,CMPSC360,1,1,76
kk1267@nittany.edu,EE311,2,1,100
mm8916@nittany.edu,EE212,1,1,90
jr1301@nittany.edu,CSE543,2,1,80
rq8420@nittany.edu,CMPSC465,1,1,68
tf8025@nittany.edu,PHYS214,1,1,63
ob6043@nittany.edu,STAT319,2,1,79
jd3188@nittany.edu,CSE583,2,1,68
nb5135@nittany.edu,EE211,2,1,85
js4888@nittany.edu,CSE583,2,1,87
mt1283@nittany.edu,CMPSC448,1,1,78
tb4699@nittany.edu,CMPEN362,1,1,89
jf5072@nittany.edu,CSE583,1,1,93
mj8109@nittany.edu,MATH141,1,1,91
sl8096@nittany.edu,CHEM112,1,1,63
wg1476@nittany.edu,MATH141,1,1,99
lb1184@nittany.edu,CSE543,1,1,62
kw1043@nittany.edu,CMPSC311,2,1,64
ld4137@nittany.edu,EE210,2,1,93
nb2686@nittany.edu,CMPEN431,1,1,94
rk8121@nittany.edu,IST128,2,1,60
vp6083@nittany.edu,CMPEN270,2,1,96
mb7672@nittany.edu,CMPSC461,2,1,88
rh9618@nittany.edu,CSE543,2,1,97
me6698@nittany.edu,EE210,1,1,67
mp7693@nittany.edu,EE210,2,1,71
us6442@nittany.edu,EE211,2,1,63
ma9983@nittany.edu,DS120,2,1,94
mk7105@nittany.edu,EE320,2,1,72
ma3822@nittany.edu,CMPSC448,1,1,70
vy1999@nittany.edu,CMPSC465,1,1,94
lw8160@nittany.edu,MATH140,1,1,66
nm4783@nittany.edu,CMPEN441,1,1,62
nb4212@nittany.edu,EE330,1,1,64
ms9882@nittany.edu,CMPEN362,2,1,77
mk2377@nittany.edu,EE210,2,1,73
rw1366@nittany.edu,EE311,2,1,90
mr5319@nittany.edu,CMPSC360,2,1,83
kz9097@nittany.edu,ECON101,1,1,75
ml7288@nittany.edu,CMPEN270,1,1,100
jd5932@nittany.edu,CMPEN431,1,1,86
lk1182@nittany.edu,CMPEN351,2,1,62
jk1331@nittany.edu,CMPSC221,1,1,79
jw9436@nittany.edu,CSE583,1,1,84
zw5425@nittany.edu,MATH231,1,1,99
jk5021@nittany.edu,CMPEN331,1,1,73
jl8774@nittany.edu,STAT415,2,1,75
mj7408@nittany.edu,PHYS211,1,1,95
ns6501@nittany.edu,CMPEN331,2,1,93
lr5589@nittany.edu,MATH231,1,1,92
me5409@nittany.edu,CMPSC221,2,1,100
jk4116@nittany.edu,EE211,2,1,70
kb9285@nittany.edu,EE353,2,1,90
kq6968@nittany.edu,EE212,1,1,81
mj6957@nittany.edu,CSE583,2,1,69
tp4444@nittany.edu,ECON102,2,1,100
me6706@nittany.edu,CMPSC448,2,1,72
kb8171@nittany.edu,CMPEN331,1,1,76
sr6321@nittany.edu,DS220,1,1,60
jh1737@nittany.edu,STAT318,1,1,63
sp1616@nittany.edu,MATH141,2,1,88
pm4249@nittany.edu,EE330,2,1,65
tl1139@nittany.edu,ECON101,2,1,97
im1645@nittany.edu,ECON102,2,1,68
sd6073@nittany.edu,CSE543,2,1,74
po7371@nittany.edu,CMPSC431W,1,1,72
wo4044@nittany.edu,EE211,2,1,68
mc4662@nittany.edu,MATH140,1,1,88
mm9624@nittany.edu,CMPSC475,2,1,61
nb6183@nittany.edu,PHYS212,1,1,82
mm4674@nittany.edu,CHEM111,2,1,84
al4613@nittany.edu,EE211,1,1,84
am4447@nittany.edu,ECON101,2,1,81
ak9804@nittany.edu,ECON102,2,1,76
as1233@nittany.edu,CHEM110,2,1,87
al6759@nittany.edu,MATH141,1,1,75
ah2567@nittany.edu,CMPEN270,1,1,91
ab8825@nittany.edu,EE211,1,1,100
ak1365@nittany.edu,STAT318,1,1,76
at2037@nittany.edu,IST128,2,1,73
ah3078@nittany.edu,CMPSC465,2,1,71
ab8389@nittany.edu,CHEM110,2,1,62
at1813@nittany.edu,CMPSC448,1,1,97
ao8250@nittany.edu,PHYS213,2,1,97
al8826@nittany.edu,MATH230,2,1,70
ab4479@nittany.edu,EE210,2,1,88
al5806@nittany.edu,EE352,2,1,63
aj1457@nittany.edu,EE210,2,1,89
ar7586@nittany.edu,ECON101,1,1,93
am6718@nittany.edu,CMPSC131,2,1,66
as4057@nittany.edu,CHEM111,1,1,62
az6923@nittany.edu,EE330,2,1,98
ag4728@nittany.edu,EE352,1,1,68
am5109@nittany.edu,IST110,1,1,68
ab3717@nittany.edu,EE352,1,1,72
ah5707@nittany.edu,CMPEN441,1,1,87
ad9791@nittany.edu,EE353,2,1,87
aw2983@nittany.edu,EE212,1,1,85
rb1832@nittany.edu,CMPSC360,2,1,63
ld8122@nittany.edu,PHYS212,1,1,87
md5914@nittany.edu,PHYS211,1,1,72
kf8268@nittany.edu,CMPEN411,2,1,84
pz6665@nittany.edu,PHYS211,1,1,97
mr6639@nittany.edu,CSE543,2,1,87
tp8468@nittany.edu,CMPSC221,2,1,92
me9525@nittany.edu,CMPSC131,2,1,98
pr4075@nittany.edu,CMPEN441,1,1,67
nk8056@nittany.edu,EE352,1,1,86
jz5577@nittany.edu,CMPSC448,1,1,79
jp2632@nittany.edu,MATH231,1,1,68
lk7361@nittany.edu,STAT319,2,1,83
ks1880@nittany.edu,IST110,1,1,82
ms2404@nittany.edu,EE353,2,1,75
ih5431@nittany.edu,IST128,2,1,79
sm4115@nittany.edu,CMPSC448,1,1,99
js8078@nittany.edu,EE352,1,1,67
mb4117@nittany.edu,CMPEN331,2,1,92
rm8585@nittany.edu,CMPEN362,2,1,99
mg1976@nittany.edu,CMPSC465,2,1,67
kc4364@nittany.edu,EE210,1,1,63
rh2046@nittany.edu,CMPSC221,1,1,70
jh2885@nittany.edu,CHEM110,1,1,74
ms9362@nittany.edu,EE211,2,1,100
jl6447@nittany.edu,EE330,1,1,80
mr2329@nittany.edu,CMPEN362,2,1,69
rb4971@nittany.edu,STAT318,1,1,70
jc5818@nittany.edu,PHYS212,1,1,83
kg2618@nittany.edu,ECON101,2,1,60
lg4120@nittany.edu,MATH141,2,1,92
sg2123@nittany.edu,MATH230,2,1,61
tp3946@nittany.edu,PHYS214,2,1,66
sb5076@nittany.edu,EE352,1,1,90
mh2221@nittany.edu,CHEM110,1,1,62
vs8351@nittany.edu,CMPEN431,1,1,88
mm1324@nittany.edu,CMPEN411,1,1,80
tg2289@nittany.edu,EE320,2,1,89
mk4648@nittany.edu,CMPEN431,1,1,97
sa8884@nittany.edu,DS120,1,1,100
kn1468@nittany.edu,CMPSC448,2,1,75
jk5833@nittany.edu,CMPEN351,1,1,87
md1699@nittany.edu,PHYS211,1,1,64
mc4814@nittany.edu,PHYS211,2,1,100
ll2646@nittany.edu,CMPSC465,1,1,85
mr3369@nittany.edu,CMPSC461,2,1,65
tb7100@nittany.edu,CMPEN351,2,1,67
wm3293@nittany.edu,DS220,2,1,74
jb9557@nittany.edu,PHYS211,2,1,77
ko8881@nittany.edu,CMPEN351,2,1,71
zj6533@nittany.edu,EE320,1,1,87
mb4756@nittany.edu,CHEM110,2,1,81
mr3556@nittany.edu,EE311,2,1,71
km6173@nittany.edu,EE330,1,1,74
sg3060@nittany.edu,CSE543,1,1,82
ms7605@nittany.edu,CHEM111,2,1,71
tm4946@nittany.edu,STAT415,2,1,99
jg1721@nittany.edu,ECON102,2,1,95
yc2897@nittany.edu,CMPEN411,1,1,67
ss9714@nittany.edu,CMPSC360,2,1,92
am4447@nittany.edu,CMPEN331,1,1,84
ak9804@nittany.edu,CHEM111,1,1,87
as1233@nittany.edu,EE330,1,1,95
al5684@nittany.edu,CMPSC475,2,1,97
al6759@nittany.edu,ECON101,1,1,81
ah2567@nittany.edu,MATH230,2,1,79
ab8825@nittany.edu,STAT319,2,1,61
ak1365@nittany.edu,STAT415,1,1,63
at2037@nittany.edu,CSE583,2,1,91
as3627@nittany.edu,IST110,2,1,88
ah3078@nittany.edu,CMPSC448,1,1,70
ab8389@nittany.edu,PHYS214,1,1,100
at1813@nittany.edu,PHYS211,1,1,64
ao8250@nittany.edu,DS220,2,1,80
al8826@nittany.edu,CMPSC132,1,1,80
ab4479@nittany.edu,EE211,1,1,94
al5806@nittany.edu,EE352,1,1,70
aj1457@nittany.edu,EE212,1,1,65
ar7586@nittany.edu,DS120,1,1,91
am6718@nittany.edu,CHEM111,1,1,72
as4057@nittany.edu,EE210,1,1,60
az6923@nittany.edu,STAT318,2,1,94
ab9912@nittany.edu,CMPSC475,2,1,87
ap8429@nittany.edu,CMPEN441,1,1,61
ag4728@nittany.edu,MATH231,1,1,85
ab3717@nittany.edu,CMPEN362,1,1,88
ah5707@nittany.edu,DS120,2,1,90
ad9791@nittany.edu,CSE543,1,1,68
aw2983@nittany.edu,EE353,2,1,92
lj2993@nittany.edu,STAT318,2,1,77
rb1832@nittany.edu,ECON101,2,1,92
ld8122@nittany.edu,MATH231,2,1,99
md5914@nittany.edu,EE330,2,1,93
kf8268@nittany.edu,PHYS211,1,1,70
pz6665@nittany.edu,EE212,2,1,79
mr6639@nittany.edu,CMPEN431,1,1,78
sc5452@nittany.edu,CMPSC221,2,1,88
tp8468@nittany.edu,MATH230,2,1,85
ih9335@nittany.edu,PHYS213,1,1,83
pr4075@nittany.edu,IST110,2,1,90
jz5577@nittany.edu,ECON201,1,1,96
jp2632@nittany.edu,CHEM110,2,1,63
lk7361@nittany.edu,MATH141,1,1,90
ks1880@nittany.edu,CMPSC448,1,1,84
ms2404@nittany.edu,CMPSC311,2,1,98
ih5431@nittany.edu,CMPSC475,1,1,76
sm4115@nittany.edu,CSE583,1,1,82
js8078@nittany.edu,CMPEN431,1,1,72
rm8585@nittany.edu,MATH141,1,1,68
mg1976@nittany.edu,IST110,2,1,71
kc4364@nittany.edu,EE330,1,1,93
rh2046@nittany.edu,CMPSC465,1,1,89
jh2885@nittany.edu,EE330,2,1,70
ms9362@nittany.edu,EE353,2,1,80
jl6447@nittany.edu,DS120,1,1,64
mr2329@nittany.edu,ECON201,1,1,96
ma5503@nittany.edu,CMPEN411,2,1,64
rb4971@nittany.edu,ECON102,1,1,80
kg2618@nittany.edu,ECON101,1,1,82
lg4120@nittany.edu,MATH230,2,1,99
sg2123@nittany.edu,PHYS211,1,1,76
sb5076@nittany.edu,EE210,2,1,92
mh2221@nittany.edu,CMPEN331,2,1,62
vs8351@nittany.edu,CHEM111,2,1,71
mm1324@nittany.edu,PHYS213,2,1,91
mk4648@nittany.edu,EE353,2,1,82
sa8884@nittany.edu,CMPSC461,1,1,98
kn1468@nittany.edu,EE353,1,1,61
jk5833@nittany.edu,ECON102,1,1,93
md1699@nittany.edu,STAT415,2,1,75
mc4814@nittany.edu,CMPEN351,1,1,74
ll2646@nittany.edu,ECON101,1,1,94
mr3369@nittany.edu,DS220,1,1,68
wm3293@nittany.edu,CMPSC131,2,1,97
jb9557@nittany.edu,MATH231,1,1,94
ko8881@nittany.edu,CMPEN431,2,1,78
zj6533@nittany.edu,CSE543,1,1,65
mb4756@nittany.edu,DS120,2,1,66
mr3556@nittany.edu,CMPEN431,2,1,77
md3813@nittany.edu,IST128,2,1,69
km6173@nittany.edu,CMPEN431,2,1,87
ms7605@nittany.edu,CMPEN351,2,1,84
tm4946@nittany.edu,CMPSC221,1,1,98
jg1721@nittany.edu,STAT319,1,1,60
yc2897@nittany.edu,CMPEN441,2,1,78
ss9714@nittany.edu,ECON101,2,1,95
rb9779@nittany.edu,EE210,1,1,65
zr6768@nittany.edu,MATH141,1,1,72
rc6428@nittany.edu,EE353,1,1,89
jt5287@nittany.edu,CSE543,2,1,78
lo7605@nittany.edu,CMPSC221,1,1,61
tr4637@nittany.edu,STAT318,2,1,62
lr3728@nittany.edu,MATH230,2,1,72
xg4863@nittany.edu,ECON101,1,1,61
me5010@nittany.edu,MATH231,2,1,65
lr5472@nittany.edu,EE320,1,1,67
sh4974@nittany.edu,ECON102,2,1,61
ms2737@nittany.edu,CMPSC475,2,1,60
tb8127@nittany.edu,PHYS211,2,1,94
mm2976@nittany.edu,CMPSC311,2,1,81
th3170@nittany.edu,CMPEN331,2,1,71
kk3742@nittany.edu,EE211,1,1,92
nd2615@nittany.edu,CHEM112,1,1,85
sb6428@nittany.edu,MATH230,1,1,84
rr9237@nittany.edu,CMPSC311,1,1,97
mm1660@nittany.edu,CMPSC360,1,1,92
mr1462@nittany.edu,CMPEN431,2,1,71
lg1828@nittany.edu,MATH231,2,1,65
jo7172@nittany.edu,EE320,2,1,64
ma5045@nittany.edu,CHEM111,1,1,80
mc4696@nittany.edu,STAT319,1,1,93
rs3973@nittany.edu,CMPSC465,2,1,75
my7428@nittany.edu,PHYS213,1,1,99
mv4275@nittany.edu,PHYS213,2,1,77
nr4230@nittany.edu,CMPSC360,2,1,61
ma3543@nittany.edu,EE352,1,1,60
mc9149@nittany.edu,ECON201,1,1,99
lg2530@nittany.edu,CMPEN441,2,1,89
sh4671@nittany.edu,MATH230,2,1,92
mt7030@nittany.edu,CMPEN431,2,1,70
lt3713@nittany.edu,MATH141,1,1,74
jw3861@nittany.edu,CMPEN431,1,1,68
kr4923@nittany.edu,EE352,1,1,86
nf6339@nittany.edu,EE210,1,1,96
md6319@nittany.edu,ECON101,1,1,98
mb1688@nittany.edu,CMPEN431,2,1,75
mk5190@nittany.edu,EE352,1,1,86
mk3204@nittany.edu,CMPSC461,1,1,85
oc3904@nittany.edu,CMPSC448,1,1,99
km6627@nittany.edu,CHEM112,1,1,85
js6308@nittany.edu,CMPSC131,2,1,68
jw4897@nittany.edu,STAT318,1,1,83
vl7715@nittany.edu,EE211,1,1,100
ph3861@nittany.edu,CMPSC431W,2,1,67
md2194@nittany.edu,CSE543,2,1,73
mw5114@nittany.edu,CMPEN441,1,1,84
ld6778@nittany.edu,ECON102,2,1,78
lg7099@nittany.edu,CHEM111,2,1,92
mm9659@nittany.edu,EE353,1,1,78
rc5324@nittany.edu,CMPSC311,1,1,94
mz7312@nittany.edu,CHEM110,1,1,73
ml5786@nittany.edu,PHYS213,1,1,85
nh2508@nittany.edu,CHEM111,2,1,72
ms2255@nittany.edu,STAT319,1,1,80
mp4954@nittany.edu,EE330,1,1,86
lj7790@nittany.edu,CSE543,2,1,99
sr7729@nittany.edu,CHEM112,1,1,63
mt8800@nittany.edu,CMPEN431,2,1,70
ld6540@nittany.edu,CSE543,1,1,100
sv5358@nittany.edu,CMPSC475,2,1,74
kf8921@nittany.edu,STAT319,2,1,98
rh4718@nittany.edu,CSE543,2,1,77
vt8578@nittany.edu,ECON201,2,1,74
lu6872@nittany.edu,DS120,2,1,92
lb6520@nittany.edu,MATH141,2,1,75
kb6941@nittany.edu,PHYS214,2,1,71
rv5469@nittany.edu,CMPEN431,1,1,77
mj4880@nittany.edu,CMPEN331,2,1,92
jf9661@nittany.edu,EE210,2,1,84
lt8366@nittany.edu,MATH230,1,1,91
js7099@nittany.edu,CMPEN331,1,1,90
js8165@nittany.edu,EE330,2,1,100
kk3115@nittany.edu,EE211,1,1,88
mr4635@nittany.edu,EE320,2,1,90
ve8889@nittany.edu,CSE583,1,1,94
ml3983@nittany.edu,CMPSC311,1,1,90
ld8065@nittany.edu,CMPSC131,2,1,99
jk4403@nittany.edu,EE352,1,1,99
in2805@nittany.edu,STAT415,1,1,74
pb8346@nittany.edu,MATH230,2,1,71
rf1782@nittany.edu,EE320,2,1,84
mn6721@nittany.edu,CMPSC311,2,1,73
sm6043@nittany.edu,DS220,2,1,65
lj2224@nittany.edu,MATH141,2,1,73
wl5243@nittany.edu,MATH140,1,1,60
ns1210@nittany.edu,EE330,2,1,65
ms6173@nittany.edu,PHYS212,1,1,98
na8379@nittany.edu,CMPSC131,1,1,87
ls6337@nittany.edu,EE212,1,1,69
sm9645@nittany.edu,EE212,1,1,81
rr8243@nittany.edu,CMPSC132,1,1,82
lw4369@nittany.edu,EE210,1,1,69
il3541@nittany.edu,CMPEN270,2,1,73
mg8505@nittany.edu,EE212,1,1,87
mo1186@nittany.edu,CMPSC311,1,1,74
pw1726@nittany.edu,EE330,1,1,68
lm6031@nittany.edu,ECON102,1,1,99
mj6359@nittany.edu,CMPSC448,1,1,62
pc8832@nittany.edu,CMPEN431,2,1,84
mf8214@nittany.edu,EE330,1,1,78
ma8938@nittany.edu,MATH230,2,1,98
lf4727@nittany.edu,CHEM111,1,1,61
jh1874@nittany.edu,CMPSC448,1,1,72
rb6281@nittany.edu,CMPEN270,2,1,65
mr5864@nittany.edu,CHEM110,1,1,88
ml6213@nittany.edu,MATH230,2,1,76
mk7773@nittany.edu,EE211,2,1,83
nc8172@nittany.edu,PHYS211,2,1,70
mj5914@nittany.edu,MATH230,1,1,99
my3786@nittany.edu,STAT319,1,1,64
jm3669@nittany.edu,CHEM111,2,1,63
uf7067@nittany.edu,ECON101,1,1,85
mr2575@nittany.edu,MATH231,2,1,63
jk4409@nittany.edu,CHEM111,2,1,69
rf1538@nittany.edu,CMPSC221,1,1,69
no6118@nittany.edu,PHYS214,1,1,98
lc4994@nittany.edu,CSE543,1,1,85
oh8195@nittany.edu,CSE543,1,1,75
jc2471@nittany.edu,EE352,2,1,62
mm3162@nittany.edu,EE210,2,1,98
jh7997@nittany.edu,DS120,2,1,87
ik6824@nittany.edu,CMPEN351,2,1,69
tk5748@nittany.edu,CMPSC132,1,1,66
ts1830@nittany.edu,EE210,1,1,92
kr6619@nittany.edu,STAT319,1,1,78
rk2653@nittany.edu,STAT319,2,1,61
sg4622@nittany.edu,EE320,2,1,89
jl3236@nittany.edu,PHYS213,2,1,90
kh1826@nittany.edu,MATH140,1,1,83
me2596@nittany.edu,EE311,2,1,63
jl9851@nittany.edu,EE211,1,1,80
sw7724@nittany.edu,CSE583,1,1,80
kh5883@nittany.edu,CMPSC132,2,1,92
mn2842@nittany.edu,PHYS212,2,1,82
mt7911@nittany.edu,CMPSC132,2,1,100
pf6936@nittany.edu,CMPEN331,1,1,78
mc8336@nittany.edu,CMPEN362,2,1,81
mv1311@nittany.edu,MATH231,2,1,68
kk2666@nittany.edu,CSE583,2,1,60
ok7520@nittany.edu,ECON201,1,1,95
mt3151@nittany.edu,CHEM110,1,1,71
lb8326@nittany.edu,EE352,2,1,70
lh1031@nittany.edu,CSE583,1,1,82
mn1239@nittany.edu,PHYS212,2,1,90
ka1472@nittany.edu,EE211,2,1,99
tt1799@nittany.edu,CMPSC461,1,1,96
mr5565@nittany.edu,EE353,1,1,80
ma6036@nittany.edu,CMPEN441,2,1,86
mr9406@nittany.edu,PHYS211,1,1,70
os4077@nittany.edu,MATH141,2,1,90
mi6642@nittany.edu,CSE543,2,1,91
mj1523@nittany.edu,CMPEN270,1,1,96
pw7815@nittany.edu,CMPEN411,1,1,100
jo5683@nittany.edu,CMPSC360,1,1,98
kl1348@nittany.edu,CMPSC461,1,1,72
ns2358@nittany.edu,STAT415,2,1,90
vr4622@nittany.edu,IST128,1,1,85
mk1572@nittany.edu,CMPEN441,2,1,81
ts5040@nittany.edu,MATH141,1,1,88
kp5214@nittany.edu,MATH141,1,1,93
me4221@nittany.edu,EE311,2,1,72
lh8743@nittany.edu,EE353,1,1,63
ka6770@nittany.edu,CHEM111,2,1,64
wa5135@nittany.edu,CMPEN431,2,1,74
la7071@nittany.edu,PHYS212,2,1,60
kl9753@nittany.edu,EE211,1,1,75
jh3336@nittany.edu,MATH141,2,1,78
sb1972@nittany.edu,CMPEN351,2,1,95
kb3574@nittany.edu,CSE583,2,1,86
lv3076@nittany.edu,STAT415,2,1,100
mt4811@nittany.edu,EE210,1,1,63
zp7831@nittany.edu,IST128,1,1,93
mr1020@nittany.edu,CMPEN351,2,1,73
ws6593@nittany.edu,CMPSC448,2,1,87
lw8769@nittany.edu,CMPEN270,1,1,73
ms6765@nittany.edu,EE212,2,1,91
mj9606@nittany.edu,EE352,1,1,86
jc4011@nittany.edu,CMPSC132,1,1,71
jz6925@nittany.edu,CMPSC461,2,1,97
vo6259@nittany.edu,CMPEN351,2,1,61
ks3998@nittany.edu,PHYS211,2,1,64
mt3231@nittany.edu,CMPSC132,2,1,73
ws8716@nittany.edu,EE353,2,1,98
md7627@nittany.edu,CMPSC465,1,1,97
th2610@nittany.edu,PHYS212,1,1,66
mh8661@nittany.edu,ECON201,2,1,84
vk8864@nittany.edu,CMPSC131,1,1,83
mh3437@nittany.edu,CMPSC461,1,1,96
ww9231@nittany.edu,CMPSC431W,2,1,60
mk1676@nittany.edu,CMPEN411,2,1,72
ub9586@nittany.edu,EE210,1,1,86
lh6961@nittany.edu,PHYS214,1,1,68
kf5693@nittany.edu,ECON102,2,1,100
sb2082@nittany.edu,CMPSC431W,2,1,71
mn2870@nittany.edu,CMPSC311,1,1,95
ug5112@nittany.edu,CHEM110,2,1,96
tk1529@nittany.edu,CHEM110,1,1,79
ib2806@nittany.edu,ECON101,2,1,78
os7226@nittany.edu,CHEM112,2,1,79
ne9599@nittany.edu,ECON101,2,1,93
vg5084@nittany.edu,MATH140,1,1,60
mr5670@nittany.edu,EE211,2,1,81
km6416@nittany.edu,CMPSC311,1,1,63
wr1679@nittany.edu,CMPSC461,2,1,64
mr8602@nittany.edu,MATH231,2,1,90
ma8046@nittany.edu,CMPSC461,2,1,75
mg1007@nittany.edu,DS120,1,1,60
lh3004@nittany.edu,IST128,1,1,67
zr6066@nittany.edu,IST110,1,1,83
jg5906@nittany.edu,CMPEN270,1,1,75
mw5391@nittany.edu,CMPEN362,2,1,92
sm5970@nittany.edu,CHEM112,1,1,67
mn6897@nittany.edu,IST110,1,1,86
rm8553@nittany.edu,CMPSC431W,1,1,83
jl5459@nittany.edu,CMPEN270,1,1,66
ml1743@nittany.edu,CHEM112,1,1,61
ph1773@nittany.edu,DS220,2,1,97
ma8953@nittany.edu,CMPEN431,1,1,79
pp2997@nittany.edu,MATH140,1,1,97
vk7408@nittany.edu,PHYS211,1,1,95
ro9937@nittany.edu,PHYS213,2,1,63
tf2405@nittany.edu,IST128,1,1,67
pm3642@nittany.edu,CMPSC221,1,1,73
kr9949@nittany.edu,EE352,1,1,75
mt2086@nittany.edu,CMPSC360,1,1,65
tw6502@nittany.edu,PHYS212,2,1,83
ol7450@nittany.edu,CMPEN411,1,1,92
jw6319@nittany.edu,CMPSC360,2,1,93
ok8829@nittany.edu,ECON102,1,1,89
ps1087@nittany.edu,CHEM110,2,1,90
mp7952@nittany.edu,EE353,2,1,84
sm5549@nittany.edu,EE311,1,1,60
td2477@nittany.edu,IST128,1,1,90
sm8842@nittany.edu,EE211,2,1,83
jp5962@nittany.edu,DS120,1,1,84
mg1791@nittany.edu,CMPEN441,2,1,61
sg1979@nittany.edu,EE353,2,1,79
lo3428@nittany.edu,MATH231,2,1,79
ml7753@nittany.edu,CMPSC448,2,1,78
js3927@nittany.edu,DS220,2,1,86
me9897@nittany.edu,EE352,1,1,71
mb5390@nittany.edu,CMPSC131,1,1,100
sg4417@nittany.edu,EE320,2,1,81
lt7103@nittany.edu,CMPSC448,2,1,81
pt3035@nittany.edu,EE211,2,1,61
mm2047@nittany.edu,CMPSC461,1,1,85
ma4242@nittany.edu,MATH231,2,1,98
jn3590@nittany.edu,EE352,2,1,69
jh3004@nittany.edu,PHYS211,1,1,93
vn4576@nittany.edu,STAT318,2,1,89
mj2446@nittany.edu,EE211,1,1,77
mh9005@nittany.edu,CMPSC360,1,1,73
mp5777@nittany.edu,CMPSC465,1,1,94
mj1886@nittany.edu,STAT319,2,1,61
mp5980@nittany.edu,CMPSC475,2,1,100
mr7087@nittany.edu,CHEM111,2,1,78
kk1267@nittany.edu,PHYS212,1,1,67
jm7206@nittany.edu,CMPEN270,2,1,93
mm8916@nittany.edu,PHYS211,2,1,94
jr1301@nittany.edu,EE311,1,1,70
rq8420@nittany.edu,PHYS212,2,1,69
tf8025@nittany.edu,STAT415,1,1,90
ob6043@nittany.edu,STAT319,1,1,60
jd3188@nittany.edu,PHYS212,1,1,91
nb5135@nittany.edu,IST110,1,1,93
js4888@nittany.edu,EE210,1,1,98
mt1283@nittany.edu,CMPSC131,1,1,76
tb4699@nittany.edu,CSE543,1,1,62
jf5072@nittany.edu,STAT318,1,1,80
mj8109@nittany.edu,CSE583,1,1,64
sl8096@nittany.edu,CMPEN362,2,1,83
wg1476@nittany.edu,CMPSC221,2,1,67
lb1184@nittany.edu,CMPEN362,1,1,90
kw1043@nittany.edu,CSE583,2,1,100
ld4137@nittany.edu,IST110,1,1,82
nb2686@nittany.edu,CMPEN441,2,1,60
rk8121@nittany.edu,CMPSC448,1,1,74
vp6083@nittany.edu,CHEM111,1,1,61
mb7672@nittany.edu,CMPEN331,2,1,87
rh9618@nittany.edu,CMPEN441,2,1,95
lw7685@nittany.edu,CSE583,1,1,85
me6698@nittany.edu,EE211,1,1,75
mp7693@nittany.edu,CSE583,2,1,77
us6442@nittany.edu,MATH140,1,1,80
ma9983@nittany.edu,IST128,1,1,89
mk7105@nittany.edu,IST128,1,1,62
ma3822@nittany.edu,ECON201,2,1,66
lw8160@nittany.edu,ECON102,1,1,96
nm4783@nittany.edu,CMPEN431,1,1,79
nb4212@nittany.edu,EE320,2,1,99
ms9882@nittany.edu,EE352,1,1,74
mk2377@nittany.edu,CMPSC360,1,1,75
rw1366@nittany.edu,DS120,1,1,87
mr5319@nittany.edu,STAT319,1,1,91
kz9097@nittany.edu,EE211,2,1,83
ml7288@nittany.edu,PHYS213,1,1,89
jd5932@nittany.edu,CHEM112,1,1,74
lk1182@nittany.edu,STAT319,2,1,86
jk1331@nittany.edu,EE211,1,1,63
jw9436@nittany.edu,EE330,1,1,79
zw5425@nittany.edu,IST110,2,1,99
jk5021@nittany.edu,CMPEN270,1,1,68
mn1003@nittany.edu,IST128,1,1,89
ph8799@nittany.edu,STAT319,2,1,86
jl8774@nittany.edu,CMPEN331,1,1,69
mj7408@nittany.edu,CMPSC448,2,1,99
ns6501@nittany.edu,CMPEN431,1,1,94
lr5589@nittany.edu,CMPEN270,1,1,78
me5409@nittany.edu,CMPSC131,1,1,78
jk4116@nittany.edu,ECON102,2,1,74
kb9285@nittany.edu,EE212,1,1,60
kq6968@nittany.edu,CMPEN441,2,1,84
mj6957@nittany.edu,IST128,2,1,98
tp4444@nittany.edu,DS120,1,1,95
me6706@nittany.edu,EE212,1,1,76
kb8171@nittany.edu,CMPSC475,2,1,96
sr6321@nittany.edu,CMPSC475,1,1,62
jh1737@nittany.edu,DS120,2,1,94
sp1616@nittany.edu,PHYS211,2,1,65
pm4249@nittany.edu,STAT318,1,1,60
im1645@nittany.edu,MATH230,2,1,99
sd6073@nittany.edu,MATH140,1,1,64
po7371@nittany.edu,MATH230,1,1,69
wo4044@nittany.edu,DS120,2,1,70
mc4662@nittany.edu,MATH231,1,1,81
mm9624@nittany.edu,PHYS211,1,1,66
nb6183@nittany.edu,CSE583,2,1,67
mm4674@nittany.edu,MATH231,2,1,87
vh5298@nittany.edu,CHEM110,1,1,72
mi2648@nittany.edu,PHYS213,2,1,82
js3229@nittany.edu,EE352,1,1,76
mt2801@nittany.edu,STAT415,1,1,75
oh9599@nittany.edu,ECON102,1,1,83
jb9306@nittany.edu,EE212,1,1,60
jc1462@nittany.edu,PHYS211,2,1,98
ks1926@nittany.edu,DS220,2,1,68
sb5646@nittany.edu,CMPSC461,1,1,77
mr3116@nittany.edu,CMPEN351,1,1,99
sn9491@nittany.edu,CMPSC131,1,1,100
or2228@nittany.edu,STAT319,1,1,60
jk4027@nittany.edu,CMPSC221,1,1,89
kd4323@nittany.edu,DS120,1,1,75
mo4621@nittany.edu,CMPSC360,2,1,97
mg4093@nittany.edu,STAT319,2,1,86
nm3617@nittany.edu,CMPSC475,2,1,99
sr9640@nittany.edu,EE352,2,1,93
lt8326@nittany.edu,EE320,2,1,80
mb8575@nittany.edu,CMPEN431,2,1,66
sc6597@nittany.edu,IST128,1,1,96
mb5410@nittany.edu,MATH140,1,1,72
jg7835@nittany.edu,PHYS212,1,1,67
yc8409@nittany.edu,MATH140,2,1,86
nl1189@nittany.edu,EE212,1,1,94
mg8396@nittany.edu,ECON102,1,1,93
ta4214@nittany.edu,CMPSC132,1,1,83
jc9373@nittany.edu,CHEM110,1,1,93
mr3131@nittany.edu,CMPSC311,1,1,84
mj9296@nittany.edu,EE352,2,1,87
lm8503@nittany.edu,CMPSC465,2,1,86
mt6337@nittany.edu,CMPEN331,1,1,100
mo2344@nittany.edu,ECON101,2,1,80
ml8317@nittany.edu,CMPSC465,1,1,92
mg7641@nittany.edu,CHEM112,2,1,75
ll6444@nittany.edu,DS120,2,1,68
md1308@nittany.edu,CMPSC311,2,1,89
jd5592@nittany.edu,EE320,2,1,79
sk9053@nittany.edu,CHEM112,2,1,84
mt1262@nittany.edu,EE320,1,1,94
mm6682@nittany.edu,CMPEN270,2,1,70
nw3340@nittany.edu,CMPEN331,2,1,63
td2308@nittany.edu,IST128,2,1,89
jw3297@nittany.edu,STAT415,2,1,73
sp1402@nittany.edu,EE330,1,1,71
ml5796@nittany.edu,CMPSC448,1,1,99
kc1302@nittany.edu,ECON101,2,1,88
oc9232@nittany.edu,MATH141,2,1,82
ma9716@nittany.edu,EE330,2,1,88
jh2181@nittany.edu,MATH140,2,1,78
md7018@nittany.edu,CMPEN270,1,1,72
rm1496@nittany.edu,DS220,2,1,61
og7528@nittany.edu,ECON101,2,1,83
ma8013@nittany.edu,ECON201,1,1,85
kk5103@nittany.edu,CMPSC360,2,1,71
lh7203@nittany.edu,MATH141,2,1,89
lr4974@nittany.edu,EE352,1,1,90
xb9185@nittany.edu,CMPSC461,2,1,73
mb2685@nittany.edu,CMPSC221,1,1,83
ms6799@nittany.edu,CMPEN441,2,1,93
lm1111@nittany.edu,PHYS212,2,1,79
ja2479@nittany.edu,EE352,2,1,61
zo2385@nittany.edu,CMPSC475,1,1,94
lr8600@nittany.edu,CMPSC221,2,1,66
kt2960@nittany.edu,EE210,1,1,98
lh7173@nittany.edu,CHEM110,1,1,93
mj8696@nittany.edu,MATH141,1,1,81
mo9119@nittany.edu,PHYS213,2,1,61
mr4981@nittany.edu,CMPSC461,1,1,85
rr3451@nittany.edu,IST128,1,1,74
se2637@nittany.edu,CMPEN270,2,1,92
zg1956@nittany.edu,IST110,2,1,78
mt7486@nittany.edu,DS220,2,1,81
kh5965@nittany.edu,CSE583,2,1,92
rt4621@nittany.edu,CHEM112,1,1,86
jr8895@nittany.edu,CMPSC131,1,1,74
mc3632@nittany.edu,CMPEN270,2,1,99
oc9673@nittany.edu,STAT319,1,1,70
pp1292@nittany.edu,ECON102,1,1,69
sr8161@nittany.edu,CMPEN331,2,1,66
mb3501@nittany.edu,ECON101,2,1,62
mt2330@nittany.edu,EE210,1,1,75
ss2791@nittany.edu,MATH140,2,1,73
lt1060@nittany.edu,DS120,1,1,76
mm9332@nittany.edu,DS220,2,1,79
mk2051@nittany.edu,EE353,1,1,99
jk9270@nittany.edu,STAT415,1,1,71
lc9556@nittany.edu,CMPSC475,1,1,61
js1332@nittany.edu,PHYS212,2,1,62
ss5447@nittany.edu,STAT415,1,1,81
ma2722@nittany.edu,DS220,1,1,90
sw9710@nittany.edu,CMPEN411,2,1,74
sm6158@nittany.edu,CMPEN331,1,1,89
ml5064@nittany.edu,CHEM110,2,1,94
kh1154@nittany.edu,EE212,2,1,65
kt5956@nittany.edu,PHYS214,1,1,70
kr9918@nittany.edu,EE212,2,1,68
ko8925@nittany.edu,CSE583,2,1,76
mf6881@nittany.edu,MATH231,1,1,70
mk4451@nittany.edu,CSE583,2,1,70
sm5255@nittany.edu,CMPEN411,1,1,95
rb2832@nittany.edu,ECON102,2,1,71
jr3224@nittany.edu,STAT318,1,1,80
kt2050@nittany.edu,CSE583,1,1,94
wd2661@nittany.edu,EE330,2,1,83
rf1975@nittany.edu,STAT318,1,1,74
mn9410@nittany.edu,PHYS213,1,1,76
sr4229@nittany.edu,DS120,2,1,70
tm5315@nittany.edu,IST110,1,1,87
ls2077@nittany.edu,EE211,1,1,87
rr4724@nittany.edu,STAT318,1,1,89
qj6035@nittany.edu,CMPSC448,2,1,81
jp6334@nittany.edu,MATH140,1,1,73
ms6805@nittany.edu,CMPEN431,1,1,63
sm4829@nittany.edu,CMPEN441,2,1,77
mp8264@nittany.edu,PHYS212,1,1,87
md9837@nittany.edu,CSE543,1,1,66
mc9587@nittany.edu,EE352,2,1,90
wa5127@nittany.edu,EE212,1,1,60
mp8748@nittany.edu,MATH231,1,1,99
vl5929@nittany.edu,EE211,1,1,64
md8760@nittany.edu,PHYS214,2,1,87
rh1754@nittany.edu,CMPSC360,1,1,60
mc2699@nittany.edu,CMPSC311,2,1,67
jh9891@nittany.edu,PHYS214,2,1,79
iv6531@nittany.edu,CMPSC465,1,1,62
ir2135@nittany.edu,ECON201,2,1,97
mr1874@nittany.edu,ECON102,2,1,100
rr7213@nittany.edu,CMPEN431,1,1,97
mj1770@nittany.edu,CHEM110,1,1,76
mm6107@nittany.edu,CMPEN441,1,1,92
ma4550@nittany.edu,ECON101,1,1,63
jm2995@nittany.edu,ECON102,2,1,60
mz7054@nittany.edu,STAT318,2,1,84
km3504@nittany.edu,EE212,1,1,90
om9683@nittany.edu,EE352,1,1,66
jm6846@nittany.edu,ECON102,1,1,73
jk4828@nittany.edu,CMPEN270,2,1,67
rl4225@nittany.edu,ECON201,2,1,87
mg8599@nittany.edu,ECON102,1,1,63
lb9630@nittany.edu,CMPSC311,2,1,98
sw4720@nittany.edu,STAT319,2,1,65
lm1801@nittany.edu,MATH230,2,1,60
mh9954@nittany.edu,PHYS213,1,1,81
kw1386@nittany.edu,EE330,1,1,84
pa6499@nittany.edu,ECON101,1,1,76
sw3767@nittany.edu,EE352,2,1,95
rl7115@nittany.edu,CMPEN331,1,1,86
sb4094@nittany.edu,EE352,2,1,62
lm3612@nittany.edu,CSE543,2,1,83
mm7898@nittany.edu,DS220,1,1,78
sd7475@nittany.edu,CMPSC360,2,1,95
mz3667@nittany.edu,EE330,1,1,98
mo1767@nittany.edu,PHYS213,1,1,94
ms1481@nittany.edu,EE320,1,1,88
wr2752@nittany.edu,CMPEN362,1,1,77
ou9392@nittany.edu,CMPEN331,1,1,73
ml9111@nittany.edu,PHYS213,1,1,85
lh5555@nittany.edu,MATH140,2,1,93
rs3074@nittany.edu,CMPEN331,1,1,91
mb2986@nittany.edu,MATH141,2,1,87
mh2194@nittany.edu,CMPEN270,2,1,61
sg9224@nittany.edu,CMPSC131,1,1,61
sl9147@nittany.edu,CSE583,1,1,94
tz1637@nittany.edu,PHYS211,1,1,80
bk5477@nittany.edu,CMPEN411,2,1,60
af2362@nittany.edu,MATH231,2,1,66
at5855@nittany.edu,CMPSC475,1,1,92
bb2708@nittany.edu,CHEM112,2,1,81
ab1769@nittany.edu,CMPSC132,1,1,99
as5959@nittany.edu,EE330,2,1,65
as3517@nittany.edu,PHYS214,2,1,67
am9248@nittany.edu,CSE543,1,1,72
ab2069@nittany.edu,EE320,2,1,84
ab3353@nittany.edu,CMPSC448,1,1,67
ag4144@nittany.edu,CHEM112,1,1,90
as6603@nittany.edu,CMPEN351,2,1,90
as6904@nittany.edu,ECON101,2,1,69
ah4627@nittany.edu,CMPSC132,1,1,80
ac6117@nittany.edu,CMPSC461,1,1,98
bs3099@nittany.edu,IST128,1,1,91
ar5750@nittany.edu,CMPEN270,1,1,64
ah1893@nittany.edu,EE311,1,1,86
as4372@nittany.edu,DS220,1,1,96
bl7521@nittany.edu,EE353,1,1,85
aw9070@nittany.edu,STAT415,2,1,85
ap7012@nittany.edu,EE210,2,1,99
ab3016@nittany.edu,MATH230,2,1,82
as7706@nittany.edu,CMPEN362,1,1,93
aw2413@nittany.edu,EE353,2,1,64
ab4636@nittany.edu,STAT318,2,1,70
ay6012@nittany.edu,CMPEN411,2,1,95
am1296@nittany.edu,DS120,2,1,64
co9856@nittany.edu,CMPEN411,1,1,78
bg1874@nittany.edu,CMPEN331,2,1,95
cz9116@nittany.edu,CMPEN362,1,1,86
ch1256@nittany.edu,PHYS213,1,1,67
cg4965@nittany.edu,EE353,1,1,81
ch2187@nittany.edu,EE311,2,1,89
cd3328@nittany.edu,CMPSC461,1,1,77
bb2169@nittany.edu,CSE583,1,1,76
aj2734@nittany.edu,MATH141,2,1,92
cs3661@nittany.edu,CMPSC132,1,1,99
al7553@nittany.edu,EE212,2,1,82
dg3029@nittany.edu,CMPSC431W,1,1,85
aw5441@nittany.edu,CMPSC448,2,1,79
br5296@nittany.edu,CMPSC132,1,1,95
cb8478@nittany.edu,EE211,1,1,90
dh5107@nittany.edu,CHEM110,1,1,79
bp7844@nittany.edu,MATH140,2,1,66
cg4094@nittany.edu,CMPEN270,1,1,92
co3033@nittany.edu,CMPSC131,1,1,96
dk6748@nittany.edu,CMPEN331,1,1,88
ag2003@nittany.edu,CSE583,2,1,85
bh9149@nittany.edu,CMPSC221,1,1,76
as3353@nittany.edu,CSE583,1,1,67
bk6824@nittany.edu,STAT319,1,1,99
ds4127@nittany.edu,CMPEN441,2,1,68
ac5862@nittany.edu,CMPSC465,2,1,76
ck2097@nittany.edu,EE353,2,1,88
cf2840@nittany.edu,CMPSC448,2,1,66
cr7454@nittany.edu,MATH230,2,1,92
ch9754@nittany.edu,MATH230,2,1,80
dh6358@nittany.edu,CMPSC475,1,1,80
bj2880@nittany.edu,IST110,1,1,76
ch3297@nittany.edu,MATH140,1,1,68
ak5096@nittany.edu,EE330,2,1,82
ag1594@nittany.edu,CMPEN270,2,1,89
bb3021@nittany.edu,CMPSC131,1,1,61
aw8623@nittany.edu,PHYS211,2,1,86
cr5283@nittany.edu,CMPEN431,1,1,81
cn5833@nittany.edu,ECON201,2,1,73
bm9506@nittany.edu,STAT415,1,1,60
cr7460@nittany.edu,CMPSC431W,2,1,81
ab8172@nittany.edu,EE210,1,1,83
cr8911@nittany.edu,EE210,1,1,77
as9069@nittany.edu,CHEM110,1,1,85
bb4483@nittany.edu,MATH231,2,1,82
am3245@nittany.edu,PHYS214,1,1,84
cb2134@nittany.edu,CSE543,2,1,78
bh1407@nittany.edu,CMPEN362,1,1,90
ck4064@nittany.edu,STAT319,2,1,100
cr7030@nittany.edu,MATH140,2,1,81
aa2256@nittany.edu,DS220,1,1,82
cr7834@nittany.edu,CMPEN411,1,1,86
ct2924@nittany.edu,MATH231,2,1,66
bw8893@nittany.edu,CMPSC465,1,1,70
cg7136@nittany.edu,CMPSC221,2,1,83
cc2445@nittany.edu,ECON101,1,1,83
cc1235@nittany.edu,CMPSC448,2,1,95
ca6499@nittany.edu,ECON102,1,1,64
cq4861@nittany.edu,EE352,2,1,84
cn5368@nittany.edu,PHYS211,1,1,84
bl4092@nittany.edu,EE320,2,1,60
ba4903@nittany.edu,EE210,1,1,99
cw6141@nittany.edu,CMPSC221,1,1,73
cm4400@nittany.edu,EE211,1,1,97
ck6661@nittany.edu,CMPSC360,2,1,69
co5263@nittany.edu,DS120,1,1,77
bc4962@nittany.edu,STAT319,2,1,77
af8503@nittany.edu,CMPEN331,1,1,76
am6323@nittany.edu,PHYS211,2,1,77
bp7877@nittany.edu,PHYS213,2,1,88
cw7068@nittany.edu,CMPSC448,1,1,75
bl6052@nittany.edu,DS120,1,1,82
cs2006@nittany.edu,IST110,1,1,62
ah6141@nittany.edu,EE210,2,1,72
cs3754@nittany.edu,MATH140,2,1,61
bk6475@nittany.edu,EE352,1,1,88
ch6057@nittany.edu,MATH231,2,1,76
ar9287@nittany.edu,IST110,2,1,77
bm6234@nittany.edu,IST110,1,1,60
bs1006@nittany.edu,CMPEN441,1,1,68
ca5845@nittany.edu,CMPSC465,1,1,66
cb6121@nittany.edu,DS220,1,1,89
al8943@nittany.edu,ECON201,1,1,71
ak5890@nittany.edu,MATH140,2,1,85
ca1975@nittany.edu,CMPEN441,2,1,76
as2674@nittany.edu,CMPSC465,1,1,73
ck4873@nittany.edu,CMPSC131,1,1,86
dr8416@nittany.edu,EE210,2,1,68
bd6345@nittany.edu,ECON101,2,1,69
bl3745@nittany.edu,CMPEN270,1,1,76
bo5114@nittany.edu,EE212,1,1,83
ck8437@nittany.edu,MATH231,2,1,70
ag5931@nittany.edu,CSE583,2,1,72
bf5148@nittany.edu,PHYS211,2,1,79
db2409@nittany.edu,CMPEN431,2,1,61
as2481@nittany.edu,CSE543,1,1,74
cd4187@nittany.edu,CHEM111,2,1,75
aj3787@nittany.edu,CMPEN362,2,1,97
ae5810@nittany.edu,CHEM111,2,1,86
cc6232@nittany.edu,EE212,2,1,64
br8383@nittany.edu,PHYS213,1,1,64
dc8417@nittany.edu,CHEM111,1,1,100
ap8774@nittany.edu,CMPEN331,2,1,69
bb4001@nittany.edu,EE212,2,1,61
cp9426@nittany.edu,PHYS211,2,1,93
dh7522@nittany.edu,CMPEN411,1,1,69
ao3325@nittany.edu,EE330,2,1,64
cs4540@nittany.edu,CMPEN331,2,1,72
cw3561@nittany.edu,MATH140,1,1,83
cm5322@nittany.edu,CMPSC360,1,1,77
cw1038@nittany.edu,CMPEN411,2,1,60
cb5065@nittany.edu,STAT319,2,1,73
bt1573@nittany.edu,CSE583,2,1,87
cs3610@nittany.edu,STAT319,2,1,86
db6530@nittany.edu,CMPSC360,1,1,80
cs1816@nittany.edu,CMPEN270,2,1,97
eh3966@nittany.edu,CMPEN270,1,1,100
gl5131@nittany.edu,CMPEN270,2,1,79
eu6734@nittany.edu,CMPEN351,1,1,100
gj1336@nittany.edu,ECON102,1,1,72
fe4839@nittany.edu,ECON201,2,1,90
ew9592@nittany.edu,CHEM111,1,1,68
ed8801@nittany.edu,CSE583,1,1,73
gp4162@nittany.edu,EE311,2,1,75
is6689@nittany.edu,ECON201,1,1,77
ie2276@nittany.edu,PHYS214,2,1,71
ek4881@nittany.edu,PHYS214,1,1,80
gj5319@nittany.edu,CHEM111,1,1,88
dg3660@nittany.edu,EE352,2,1,82
em6584@nittany.edu,EE320,1,1,69
db1016@nittany.edu,MATH230,2,1,74
gl1897@nittany.edu,CMPSC448,2,1,99
da1878@nittany.edu,DS120,1,1,75
ed7159@nittany.edu,CMPEN331,1,1,87
fk6517@nittany.edu,STAT415,1,1,97
dl7664@nittany.edu,IST110,1,1,99
dk5949@nittany.edu,PHYS213,2,1,92
do9924@nittany.edu,EE320,1,1,77
ew2287@nittany.edu,STAT318,1,1,89
dw8054@nittany.edu,CSE543,1,1,72
fo7818@nittany.edu,EE210,2,1,100
do2791@nittany.edu,EE212,2,1,81
dl2872@nittany.edu,ECON101,2,1,82
hc9512@nittany.edu,CMPSC132,2,1,75
fw9529@nittany.edu,CMPSC360,1,1,79
fb6120@nittany.edu,CMPSC461,1,1,69
ej6416@nittany.edu,CMPSC311,2,1,79
hs3812@nittany.edu,CHEM112,2,1,75
er9643@nittany.edu,CMPSC448,2,1,99
gb9073@nittany.edu,CMPSC221,1,1,81
eh3135@nittany.edu,CMPEN331,2,1,76
ds7254@nittany.edu,EE353,1,1,78
dw8693@nittany.edu,MATH140,1,1,65
eb5700@nittany.edu,MATH141,1,1,61
gb8971@nittany.edu,CMPSC448,2,1,82
eb9702@nittany.edu,STAT415,2,1,69
fm5811@nittany.edu,STAT415,2,1,76
il8896@nittany.edu,ECON101,2,1,81
eb7897@nittany.edu,CMPSC465,1,1,66
gb9628@nittany.edu,IST110,1,1,80
el2162@nittany.edu,PHYS212,2,1,68
dz1220@nittany.edu,MATH140,1,1,73
em9606@nittany.edu,MATH140,1,1,92
dd7048@nittany.edu,CMPSC475,2,1,65
hb4427@nittany.edu,CMPEN351,2,1,98
du5385@nittany.edu,CMPSC461,1,1,74
do7088@nittany.edu,CMPSC475,2,1,67
hh4615@nittany.edu,PHYS213,2,1,77
ds7549@nittany.edu,CMPSC132,1,1,72
dt1755@nittany.edu,CMPSC461,1,1,100
gh1031@nittany.edu,CMPSC461,2,1,68
dg9379@nittany.edu,CMPSC360,2,1,78
hq7130@nittany.edu,ECON201,2,1,82
dl8726@nittany.edu,CSE543,1,1,95
fk3783@nittany.edu,EE320,2,1,71
hs3254@nittany.edu,STAT318,1,1,84
eg9777@nittany.edu,STAT319,2,1,66
eh8403@nittany.edu,CMPSC221,1,1,68
dg1041@nittany.edu,CHEM112,2,1,75
ew3399@nittany.edu,MATH230,1,1,82
dr5383@nittany.edu,CMPEN441,2,1,75
ib8603@nittany.edu,CMPEN411,2,1,92
ef2211@nittany.edu,CMPEN351,1,1,70
hs6780@nittany.edu,CSE583,2,1,85
dh7046@nittany.edu,CMPSC431W,2,1,84
gl5818@nittany.edu,EE210,2,1,85
gr4392@nittany.edu,EE330,1,1,76
hm9327@nittany.edu,CMPEN431,1,1,88
er5239@nittany.edu,EE211,1,1,62
ek3642@nittany.edu,ECON102,1,1,70
gr4591@nittany.edu,EE211,1,1,61
fw2120@nittany.edu,EE212,2,1,94
fc5125@nittany.edu,DS120,2,1,73
hh1524@nittany.edu,CMPEN431,1,1,90
dg7321@nittany.edu,CMPSC431W,1,1,79
dp4783@nittany.edu,CHEM110,1,1,79
dg7987@nittany.edu,MATH141,2,1,97
gr3326@nittany.edu,CMPEN441,1,1,61
fr1588@nittany.edu,CMPSC360,2,1,86
hc6195@nittany.edu,CMPEN270,2,1,88
fa1972@nittany.edu,CHEM111,2,1,86
ff4897@nittany.edu,ECON101,1,1,72
gj7421@nittany.edu,CHEM110,2,1,81
dk5850@nittany.edu,EE352,1,1,67
gh2561@nittany.edu,PHYS213,2,1,68
gs2617@nittany.edu,CMPSC465,1,1,99
eb3303@nittany.edu,PHYS214,2,1,93
dt1653@nittany.edu,CMPEN351,2,1,86
hh1856@nittany.edu,CMPSC311,1,1,87
eh6509@nittany.edu,CMPSC461,2,1,70
hm8630@nittany.edu,ECON101,2,1,98
eq3640@nittany.edu,EE210,2,1,71
hw8828@nittany.edu,CMPSC461,2,1,60
ew8925@nittany.edu,ECON101,2,1,62
ek5867@nittany.edu,EE352,1,1,65
dm6277@nittany.edu,IST110,1,1,68
er2458@nittany.edu,CSE543,2,1,76
ew2185@nittany.edu,EE311,1,1,98
gp3361@nittany.edu,CMPSC475,1,1,65
dh7362@nittany.edu,EE212,2,1,86
eo6418@nittany.edu,CMPSC431W,1,1,90
da3247@nittany.edu,EE352,2,1,98
gd1891@nittany.edu,EE320,2,1,60
dm4287@nittany.edu,CMPSC360,2,1,74
dj4017@nittany.edu,PHYS213,2,1,90
dg3528@nittany.edu,MATH231,2,1,84
iw4518@nittany.edu,DS220,2,1,89
ds8193@nittany.edu,STAT415,2,1,100
ds2879@nittany.edu,CMPSC461,2,1,90
hl4356@nittany.edu,CMPSC131,2,1,62
dw5475@nittany.edu,EE212,2,1,95
ft1093@nittany.edu,CMPSC448,2,1,85
fs3719@nittany.edu,CMPEN411,1,1,92
ds2224@nittany.edu,PHYS212,2,1,89
es8944@nittany.edu,STAT319,1,1,72
gt3176@nittany.edu,ECON201,2,1,93
dc7489@nittany.edu,PHYS212,2,1,90
ek7386@nittany.edu,CMPEN362,2,1,92
fg4672@nittany.edu,CHEM111,1,1,82
da2022@nittany.edu,CHEM110,1,1,99
fs1546@nittany.edu,CMPEN270,1,1,65
ew7279@nittany.edu,CHEM111,1,1,74
hh9927@nittany.edu,DS220,2,1,87
gd6812@nittany.edu,STAT415,1,1,96
gh4919@nittany.edu,PHYS214,1,1,62
hb6400@nittany.edu,EE330,1,1,60
dl4708@nittany.edu,MATH141,2,1,92
fw1745@nittany.edu,MATH231,1,1,68
gb6345@nittany.edu,CMPSC448,2,1,77
ed1041@nittany.edu,MATH231,2,1,60
er8341@nittany.edu,MATH231,1,1,86
ej3628@nittany.edu,CMPSC131,1,1,90
gs3266@nittany.edu,CMPEN441,1,1,89
dm6239@nittany.edu,EE210,2,1,62
fh7189@nittany.edu,CMPSC131,1,1,85
gr1809@nittany.edu,IST128,2,1,75
hm5525@nittany.edu,CMPSC475,1,1,95
eg7228@nittany.edu,DS220,1,1,67
em2859@nittany.edu,CMPEN431,1,1,99
eg5689@nittany.edu,CMPSC461,1,1,63
dc8436@nittany.edu,EE320,2,1,85
eo5933@nittany.edu,STAT318,1,1,87
ek2555@nittany.edu,STAT415,2,1,77
dl7100@nittany.edu,STAT318,2,1,97
gh1212@nittany.edu,STAT415,2,1,88
dc3082@nittany.edu,CMPSC360,1,1,90
em3990@nittany.edu,CHEM112,2,1,97
dk9439@nittany.edu,PHYS211,2,1,72
gs6695@nittany.edu,MATH140,1,1,97
gp6880@nittany.edu,CMPEN431,2,1,90
es9891@nittany.edu,ECON201,2,1,69
ds2211@nittany.edu,PHYS214,2,1,66
er2244@nittany.edu,PHYS211,2,1,100
do8320@nittany.edu,CMPSC465,2,1,79
er6539@nittany.edu,STAT415,1,1,71
ds2123@nittany.edu,EE330,1,1,87
dr9676@nittany.edu,MATH230,2,1,85
er2818@nittany.edu,STAT319,2,1,91
gc5107@nittany.edu,PHYS212,2,1,65
da8807@nittany.edu,DS120,2,1,83
hs1177@nittany.edu,EE211,1,1,61
hb7496@nittany.edu,MATH140,1,1,92
hd3109@nittany.edu,CMPSC221,2,1,99
dm9701@nittany.edu,EE320,2,1,70
es2273@nittany.edu,ECON102,2,1,83
em7352@nittany.edu,PHYS212,1,1,63
dr6246@nittany.edu,ECON201,2,1,66
dw2632@nittany.edu,CMPSC221,1,1,79
dh1318@nittany.edu,CMPSC431W,1,1,78
gw5806@nittany.edu,EE352,1,1,89
dr3255@nittany.edu,CMPSC448,1,1,64
dh3792@nittany.edu,MATH230,1,1,68
dc5453@nittany.edu,CHEM111,1,1,78
eb2377@nittany.edu,CHEM111,2,1,86
fr6216@nittany.edu,CMPSC131,2,1,63
eb9389@nittany.edu,EE211,1,1,93
ee6932@nittany.edu,IST128,2,1,77
er9391@nittany.edu,CSE543,2,1,62
da4619@nittany.edu,CMPEN362,1,1,70
dr7544@nittany.edu,PHYS214,1,1,95
df7770@nittany.edu,PHYS212,1,1,71
ds5937@nittany.edu,STAT319,2,1,98
hk5972@nittany.edu,CMPEN411,1,1,76
dg6925@nittany.edu,IST110,1,1,68
em9445@nittany.edu,STAT318,2,1,94
gk9861@nittany.edu,STAT318,1,1,87
gc5114@nittany.edu,CMPSC360,1,1,88
dj1479@nittany.edu,MATH230,2,1,62
hr2868@nittany.edu,CMPEN331,1,1,63
fb4575@nittany.edu,CMPSC431W,1,1,82
de5828@nittany.edu,EE352,2,1,70
fr8166@nittany.edu,CHEM110,2,1,68
dl6390@nittany.edu,STAT415,1,1,81
df8189@nittany.edu,EE353,1,1,77